date,date_str,ticker,open,high,low,close,adj_close,volume,dividends,stock_splits,company_name
2024-01-09 00:00:00-05:00,2024-01-09,AAPL,182.19931060924736,183.41779895114087,181.0204413910758,183.40789794921875,183.40789794921875,42841800,0.0,0.0,Apple Inc.
2024-01-10 00:00:00-05:00,2024-01-10,AAPL,182.6253074687535,184.6561164657865,182.1993225017619,184.44808959960938,184.44808959960938,46792900,0.0,0.0,Apple Inc.
2024-01-11 00:00:00-05:00,2024-01-11,AAPL,184.79480792904317,185.3000462697353,181.90212796654464,183.85369873046875,183.85369873046875,49128400,0.0,0.0,Apple Inc.
2024-01-12 00:00:00-05:00,2024-01-12,AAPL,184.3192620966332,184.9929080300122,183.45740645795848,184.18057250976562,184.18057250976562,40477800,0.0,0.0,Apple Inc.
2024-01-16 00:00:00-05:00,2024-01-16,AAPL,180.4557997638508,182.53614407524432,179.2372961857114,181.91204833984375,181.91204833984375,65603000,0.0,0.0,Apple Inc.
2024-01-17 00:00:00-05:00,2024-01-17,AAPL,179.57411959355028,181.2185778549055,178.613193289656,180.97091674804688,180.97091674804688,47317400,0.0,0.0,Apple Inc.
2024-01-18 00:00:00-05:00,2024-01-18,AAPL,184.34901955890965,187.3704881134165,184.0914574471942,186.86526489257812,186.86526489257812,78005800,0.0,0.0,Apple Inc.
2024-01-19 00:00:00-05:00,2024-01-19,AAPL,187.5587198414397,190.15420352293785,187.0534966021051,189.76785278320312,189.76785278320312,68903000,0.0,0.0,Apple Inc.
2024-01-22 00:00:00-05:00,2024-01-22,AAPL,190.50092877344645,193.50258021639056,190.46129453087994,192.0760498046875,192.0760498046875,60133900,0.0,0.0,Apple Inc.
2024-01-23 00:00:00-05:00,2024-01-23,AAPL,193.19548176740474,193.91864797179585,192.01661247228014,193.35397338867188,193.35397338867188,42355600,0.0,0.0,Apple Inc.
2024-01-24 00:00:00-05:00,2024-01-24,AAPL,193.59175002999643,194.54277541900203,192.52185213587853,192.68035888671875,192.68035888671875,53631300,0.0,0.0,Apple Inc.
2024-01-25 00:00:00-05:00,2024-01-25,AAPL,193.39358838897635,194.43376796447615,191.30332823639347,192.35340881347656,192.35340881347656,54822100,0.0,0.0,Apple Inc.
2024-01-26 00:00:00-05:00,2024-01-26,AAPL,192.45249496932922,192.93790105900956,190.14429166563914,190.6197967529297,190.6197967529297,44594000,0.0,0.0,Apple Inc.
2024-01-29 00:00:00-05:00,2024-01-29,AAPL,190.2136280052267,190.4018528619721,187.8063693410428,189.93624877929688,189.93624877929688,47145600,0.0,0.0,Apple Inc.
2024-01-30 00:00:00-05:00,2024-01-30,AAPL,189.1536549714469,190.0056098088079,185.71611749758625,186.28077697753906,186.28077697753906,55859400,0.0,0.0,Apple Inc.
2024-01-31 00:00:00-05:00,2024-01-31,AAPL,185.29015149256165,185.34960286351708,182.62533032879216,182.6748504638672,182.6748504638672,55467800,0.0,0.0,Apple Inc.
2024-02-01 00:00:00-05:00,2024-02-01,AAPL,182.26865674153308,185.20095550981347,182.10024901841177,185.11180114746094,185.11180114746094,64885400,0.0,0.0,Apple Inc.
2024-02-02 00:00:00-05:00,2024-02-02,AAPL,178.1773017145222,185.5774165638072,177.57300802816712,184.11126708984375,184.11126708984375,102551700,0.0,0.0,Apple Inc.
2024-02-05 00:00:00-05:00,2024-02-05,AAPL,186.38972207997213,187.4794368744002,184.10133612770585,185.9241180419922,185.9241180419922,69668800,0.0,0.0,Apple Inc.
2024-02-06 00:00:00-05:00,2024-02-06,AAPL,185.1118168962398,187.53889270164484,185.02266252630227,187.52899169921875,187.52899169921875,43490800,0.0,0.0,Apple Inc.
2024-02-07 00:00:00-05:00,2024-02-07,AAPL,188.85644306077413,189.26261088240534,186.84543618864265,187.63795471191406,187.63795471191406,53439000,0.0,0.0,Apple Inc.
2024-02-08 00:00:00-05:00,2024-02-08,AAPL,187.6181328392653,187.76672344534998,185.59722501634783,186.5581512451172,186.5581512451172,40962000,0.0,0.0,Apple Inc.
2024-02-09 00:00:00-05:00,2024-02-09,AAPL,187.12352087688578,188.45268968737696,186.4787864459619,187.32191467285156,187.32191467285156,45155200,0.24,0.0,Apple Inc.
2024-02-12 00:00:00-05:00,2024-02-12,AAPL,186.8954092628083,187.14338640307878,185.27859346494134,185.63568115234375,185.63568115234375,41781900,0.0,0.0,Apple Inc.
2024-02-13 00:00:00-05:00,2024-02-13,AAPL,184.26684396147397,184.70328611762721,182.02512109310902,183.54273986816406,183.54273986816406,56529500,0.0,0.0,Apple Inc.
2024-02-14 00:00:00-05:00,2024-02-14,AAPL,183.8204888809099,184.02878118831165,180.96378758253468,182.65994262695312,182.65994262695312,54630500,0.0,0.0,Apple Inc.
2024-02-15 00:00:00-05:00,2024-02-15,AAPL,182.06480997798818,182.99720639873473,179.8826142837668,182.37229919433594,182.37229919433594,65434500,0.0,0.0,Apple Inc.
2024-02-16 00:00:00-05:00,2024-02-16,AAPL,181.93587327545112,183.35431044132238,180.20003322850718,180.83485412597656,180.83485412597656,49752500,0.0,0.0,Apple Inc.
2024-02-20 00:00:00-05:00,2024-02-20,AAPL,180.31903131312703,180.95385211869663,178.543521838827,180.0908966064453,180.0908966064453,53665600,0.0,0.0,Apple Inc.
2024-02-21 00:00:00-05:00,2024-02-21,AAPL,180.46782702325083,181.41013702999714,179.19818540957374,180.84475708007812,180.84475708007812,41371400,0.0,0.0,Apple Inc.
2024-02-22 00:00:00-05:00,2024-02-22,AAPL,181.99536064224762,183.46339606563654,180.98362490692526,182.87815856933594,182.87815856933594,52292200,0.0,0.0,Apple Inc.
2024-02-23 00:00:00-05:00,2024-02-23,AAPL,183.51299444569602,183.54275049121756,180.75548990166286,181.04315185546875,181.04315185546875,45119700,0.0,0.0,Apple Inc.
2024-02-26 00:00:00-05:00,2024-02-26,AAPL,180.7654158601022,181.28119739799624,179.18826979539264,179.69415283203125,179.69415283203125,40867400,0.0,0.0,Apple Inc.
2024-02-27 00:00:00-05:00,2024-02-27,AAPL,179.6346334198553,182.43180748858953,178.1070858709482,181.15225219726562,181.15225219726562,54318900,0.0,0.0,Apple Inc.
2024-02-28 00:00:00-05:00,2024-02-28,AAPL,181.03320292829392,181.6382676787398,178.67247114624934,179.9520263671875,179.9520263671875,48953900,0.0,0.0,Apple Inc.
2024-02-29 00:00:00-05:00,2024-02-29,AAPL,179.80325698202418,181.09274105155225,178.07733075339527,179.28746032714844,179.28746032714844,136682600,0.0,0.0,Apple Inc.
2024-03-01 00:00:00-05:00,2024-03-01,AAPL,178.0971730296413,179.06923911535185,175.94473341504965,178.20628356933594,178.20628356933594,73563100,0.0,0.0,Apple Inc.
2024-03-04 00:00:00-05:00,2024-03-04,AAPL,174.72465821330945,175.46858951163802,172.38375378915603,173.68316650390625,173.68316650390625,81510100,0.0,0.0,Apple Inc.
2024-03-05 00:00:00-05:00,2024-03-05,AAPL,169.37829007310003,170.6479317427376,168.24751498810025,168.74346923828125,168.74346923828125,95132400,0.0,0.0,Apple Inc.
2024-03-06 00:00:00-05:00,2024-03-06,AAPL,169.67586125903696,169.85441265484894,167.31511424596866,167.75155639648438,167.75155639648438,68587700,0.0,0.0,Apple Inc.
2024-03-07 00:00:00-05:00,2024-03-07,AAPL,167.78131806385875,169.34853532264208,167.12666995146384,167.63253784179688,167.63253784179688,71765100,0.0,0.0,Apple Inc.
2024-03-08 00:00:00-05:00,2024-03-08,AAPL,167.6325286145872,172.29449531822434,167.57301652903823,169.34852600097656,169.34852600097656,76267000,0.0,0.0,Apple Inc.
2024-03-11 00:00:00-04:00,2024-03-11,AAPL,171.54065314121274,172.9690037589795,170.65785520874886,171.35218811035156,171.35218811035156,60139500,0.0,0.0,Apple Inc.
2024-03-12 00:00:00-04:00,2024-03-12,AAPL,171.7489536078961,172.62183794587216,169.62626998762764,171.82830810546875,171.82830810546875,59825400,0.0,0.0,Apple Inc.
2024-03-13 00:00:00-04:00,2024-03-13,AAPL,171.3720295685671,171.78862930722158,169.3782838692582,169.74530029296875,169.74530029296875,52488700,0.0,0.0,Apple Inc.
2024-03-14 00:00:00-04:00,2024-03-14,AAPL,171.5108753141753,172.89954094100486,170.65783353331713,171.6001434326172,171.6001434326172,72913500,0.0,0.0,Apple Inc.
2024-03-15 00:00:00-04:00,2024-03-15,AAPL,169.7849869531436,171.22325134277344,168.91210257419098,171.22325134277344,171.22325134277344,121752700,0.0,0.0,Apple Inc.
2024-03-18 00:00:00-04:00,2024-03-18,AAPL,174.1493830977455,176.27206668827822,172.11596763998543,172.31434631347656,172.31434631347656,75604200,0.0,0.0,Apple Inc.
2024-03-19 00:00:00-04:00,2024-03-19,AAPL,172.92931675607417,175.18095319129145,171.62991909909198,174.65524291992188,174.65524291992188,55215200,0.0,0.0,Apple Inc.
2024-03-20 00:00:00-04:00,2024-03-20,AAPL,174.29816190798687,177.2242889404297,173.67325471299228,177.2242889404297,177.2242889404297,53423100,0.0,0.0,Apple Inc.
2024-03-21 00:00:00-04:00,2024-03-21,AAPL,175.61740074055217,176.05384289670778,169.45764237357878,169.9833526611328,169.9833526611328,106181300,0.0,0.0,Apple Inc.
2024-03-22 00:00:00-04:00,2024-03-22,AAPL,170.37020490965267,171.64977539848843,168.68396342338923,170.88600158691406,170.88600158691406,71160100,0.0,0.0,Apple Inc.
2024-03-25 00:00:00-04:00,2024-03-25,AAPL,169.18981143356353,170.54872100493543,168.07886380984138,169.46754455566406,169.46754455566406,54288300,0.0,0.0,Apple Inc.
2024-03-26 00:00:00-04:00,2024-03-26,AAPL,168.62446935677252,170.03297781398425,168.20786954283594,168.33682250976562,168.33682250976562,57388400,0.0,0.0,Apple Inc.
2024-03-27 00:00:00-04:00,2024-03-27,AAPL,169.03114031499092,172.19533102381604,168.73356472173438,171.9076690673828,171.9076690673828,60273300,0.0,0.0,Apple Inc.
2024-03-28 00:00:00-04:00,2024-03-28,AAPL,170.36027251639132,170.83638432396197,169.13030061690222,170.0924530029297,170.0924530029297,65672700,0.0,0.0,Apple Inc.
2024-04-01 00:00:00-04:00,2024-04-01,AAPL,169.80480748103986,169.86431956551354,168.10863739693175,168.65419006347656,168.65419006347656,46240500,0.0,0.0,Apple Inc.
2024-04-02 00:00:00-04:00,2024-04-02,AAPL,167.71187939021036,167.96977013364764,166.86875116942764,167.47381591796875,167.47381591796875,49329500,0.0,0.0,Apple Inc.
2024-04-03 00:00:00-04:00,2024-04-03,AAPL,167.4242103770211,169.29891662745933,167.21591809103955,168.27725219726562,168.27725219726562,47691700,0.0,0.0,Apple Inc.
2024-04-04 00:00:00-04:00,2024-04-04,AAPL,168.91210166538218,170.52891745806397,167.45401000976562,167.45401000976562,167.45401000976562,53704400,0.0,0.0,Apple Inc.
2024-04-05 00:00:00-04:00,2024-04-05,AAPL,168.2177383421046,169.01126807227428,167.58291758503302,168.20782470703125,168.20782470703125,42104800,0.0,0.0,Apple Inc.
2024-04-08 00:00:00-04:00,2024-04-08,AAPL,167.6622991252661,167.83092176064616,166.87869803905005,167.0869903564453,167.0869903564453,37425500,0.0,0.0,Apple Inc.
2024-04-09 00:00:00-04:00,2024-04-09,AAPL,167.33498182341344,168.7038205676874,166.98782288624614,168.29713439941406,168.29713439941406,42373800,0.0,0.0,Apple Inc.
2024-04-10 00:00:00-04:00,2024-04-10,AAPL,167.43417533006158,167.72182216558926,165.75784736817235,166.42242431640625,166.42242431640625,49709300,0.0,0.0,Apple Inc.
2024-04-11 00:00:00-04:00,2024-04-11,AAPL,166.97787330186227,174.040272115757,166.7993370367697,173.6236572265625,173.6236572265625,91070300,0.0,0.0,Apple Inc.
2024-04-12 00:00:00-04:00,2024-04-12,AAPL,172.8499808741194,176.9168120397123,172.80039755418966,175.1214599609375,175.1214599609375,101670900,0.0,0.0,Apple Inc.
2024-04-15 00:00:00-04:00,2024-04-15,AAPL,173.94107267383276,175.20080068867838,171.10421379905583,171.2926788330078,171.2926788330078,73531800,0.0,0.0,Apple Inc.
2024-04-16 00:00:00-04:00,2024-04-16,AAPL,170.360294137519,172.35402488220237,166.9084566077323,168.0094757080078,168.0094757080078,73711200,0.0,0.0,Apple Inc.
2024-04-17 00:00:00-04:00,2024-04-17,AAPL,168.2375982616629,169.26917642354965,166.640625,166.640625,166.640625,50901200,0.0,0.0,Apple Inc.
2024-04-18 00:00:00-04:00,2024-04-18,AAPL,166.67037984876308,167.27544462394533,165.20235954360626,165.68838500976562,165.68838500976562,43122900,0.0,0.0,Apple Inc.
2024-04-19 00:00:00-04:00,2024-04-19,AAPL,164.86511767231858,165.05356757276493,162.7523477339115,163.66490173339844,163.66490173339844,68149400,0.0,0.0,Apple Inc.
2024-04-22 00:00:00-04:00,2024-04-22,AAPL,164.18070504913473,165.9066162144586,163.43677364744048,164.49810791015625,164.49810791015625,48116400,0.0,0.0,Apple Inc.
2024-04-23 00:00:00-04:00,2024-04-23,AAPL,164.01208389352126,165.69832539217154,163.58555534900174,165.54953002929688,165.54953002929688,49537800,0.0,0.0,Apple Inc.
2024-04-24 00:00:00-04:00,2024-04-24,AAPL,165.19243035823263,167.93010742906517,164.86511388137603,167.65237426757812,167.65237426757812,48251800,0.0,0.0,Apple Inc.
2024-04-25 00:00:00-04:00,2024-04-25,AAPL,168.15824741627387,169.2295104164757,166.78940883790665,168.5153350830078,168.5153350830078,50558300,0.0,0.0,Apple Inc.
2024-04-26 00:00:00-04:00,2024-04-26,AAPL,168.50540819041237,169.95358601606148,167.81106018420974,167.9300994873047,167.9300994873047,44838400,0.0,0.0,Apple Inc.
2024-04-29 00:00:00-04:00,2024-04-29,AAPL,171.96716217122307,174.60564226594082,171.69935778865286,172.0961151123047,172.0961151123047,68169400,0.0,0.0,Apple Inc.
2024-04-30 00:00:00-04:00,2024-04-30,AAPL,171.92750782528833,173.57407962239418,168.6244505944639,168.9517822265625,168.9517822265625,65934800,0.0,0.0,Apple Inc.
2024-05-01 00:00:00-04:00,2024-05-01,AAPL,168.20783263565716,171.31251085120192,167.74163446478235,167.9300994873047,167.9300994873047,50383100,0.0,0.0,Apple Inc.
2024-05-02 00:00:00-04:00,2024-05-02,AAPL,171.1141167118999,172.01675700988142,169.50722990892024,171.62991333007812,171.62991333007812,94214900,0.0,0.0,Apple Inc.
2024-05-03 00:00:00-04:00,2024-05-03,AAPL,185.13970898312533,185.48688300008854,181.1820038934194,181.89617919921875,181.89617919921875,163224100,0.0,0.0,Apple Inc.
2024-05-06 00:00:00-04:00,2024-05-06,AAPL,180.87452115240256,182.70954279745968,178.9601298757301,180.2397003173828,180.2397003173828,78569700,0.0,0.0,Apple Inc.
2024-05-07 00:00:00-04:00,2024-05-07,AAPL,181.96559437964424,183.4038585438568,179.85283976309742,180.92408752441406,180.92408752441406,77305800,0.0,0.0,Apple Inc.
2024-05-08 00:00:00-04:00,2024-05-08,AAPL,181.37049360808004,181.58871471095884,179.98181248654907,181.26138305664062,181.26138305664062,45057100,0.0,0.0,Apple Inc.
2024-05-09 00:00:00-04:00,2024-05-09,AAPL,181.08280763590477,183.16582147443802,180.6364518520254,183.07655334472656,183.07655334472656,48983000,0.0,0.0,Apple Inc.
2024-05-10 00:00:00-04:00,2024-05-10,AAPL,183.6526350835399,183.84135574437508,180.9013327671207,181.81512451171875,181.81512451171875,50759500,0.25,0.0,Apple Inc.
2024-05-13 00:00:00-04:00,2024-05-13,AAPL,184.18897069061896,185.83777548915856,183.37449537235887,185.02330017089844,185.02330017089844,72044800,0.0,0.0,Apple Inc.
2024-05-14 00:00:00-04:00,2024-05-14,AAPL,186.245019986336,187.02969899838186,185.0332491027049,186.16555786132812,186.16555786132812,52393600,0.0,0.0,Apple Inc.
2024-05-15 00:00:00-04:00,2024-05-15,AAPL,186.64235255391958,189.3638586651008,186.1059869360216,188.4401397705078,188.4401397705078,70400000,0.0,0.0,Apple Inc.
2024-05-16 00:00:00-04:00,2024-05-16,AAPL,189.18505039119887,189.81080512810087,188.38051724709635,188.55929565429688,188.55929565429688,52845200,0.0,0.0,Apple Inc.
2024-05-17 00:00:00-04:00,2024-05-17,AAPL,188.23153932133224,189.52277241007562,187.90376371878457,188.589111328125,188.589111328125,41282900,0.0,0.0,Apple Inc.
2024-05-20 00:00:00-04:00,2024-05-20,AAPL,188.052749878466,190.62527366658756,187.73490137733788,189.75120544433594,189.75120544433594,44361300,0.0,0.0,Apple Inc.
2024-05-21 00:00:00-04:00,2024-05-21,AAPL,189.80087387660714,191.42980957851574,189.6320225414164,191.05238342285156,191.05238342285156,42309400,0.0,0.0,Apple Inc.
2024-05-22 00:00:00-04:00,2024-05-22,AAPL,190.9729201671483,191.5192128106237,188.9864124860383,189.61215209960938,189.61215209960938,34648500,0.0,0.0,Apple Inc.
2024-05-23 00:00:00-04:00,2024-05-23,AAPL,189.69162509909052,189.7114944206788,185.370979738518,185.61929321289062,185.61929321289062,51005900,0.0,0.0,Apple Inc.
2024-05-24 00:00:00-04:00,2024-05-24,AAPL,187.54620129756856,189.2943226367172,186.771449342652,188.6983642578125,188.6983642578125,36327000,0.0,0.0,Apple Inc.
2024-05-28 00:00:00-04:00,2024-05-28,AAPL,190.21804799663707,191.69800175645932,187.82431762786635,188.70831298828125,188.70831298828125,52280100,0.0,0.0,Apple Inc.
2024-05-29 00:00:00-04:00,2024-05-29,AAPL,188.33088121296123,190.95307102285372,188.23154975607,189.00628662109375,189.00628662109375,53068000,0.0,0.0,Apple Inc.
2024-05-30 00:00:00-04:00,2024-05-30,AAPL,189.47311885305376,190.88353764935988,189.34400614498344,189.99954223632812,189.99954223632812,49889100,0.0,0.0,Apple Inc.
2024-05-31 00:00:00-04:00,2024-05-31,AAPL,190.1485307236603,191.2709124904654,188.62885345568,190.95306396484375,190.95306396484375,75158300,0.0,0.0,Apple Inc.
2024-06-03 00:00:00-04:00,2024-06-03,AAPL,191.5986571441052,193.67456916074488,191.22123099586668,192.72103881835938,192.72103881835938,50080500,0.0,0.0,Apple Inc.
2024-06-04 00:00:00-04:00,2024-06-04,AAPL,193.32693160548868,194.0023521144802,191.72779227719917,193.0388946533203,193.0388946533203,47471400,0.0,0.0,Apple Inc.
2024-06-05 00:00:00-04:00,2024-06-05,AAPL,194.08179923154876,195.5716800296083,193.55537589536917,194.5486297607422,194.5486297607422,54156800,0.0,0.0,Apple Inc.
2024-06-06 00:00:00-04:00,2024-06-06,AAPL,194.36984306207057,195.17437623382352,192.8600930073616,193.16799926757812,193.16799926757812,41181800,0.0,0.0,Apple Inc.
2024-06-07 00:00:00-04:00,2024-06-07,AAPL,193.33687329712626,195.61143330627965,192.83031924399432,195.561767578125,195.561767578125,53103900,0.0,0.0,Apple Inc.
2024-06-10 00:00:00-04:00,2024-06-10,AAPL,195.5716673445734,195.96897795846326,190.8537117900643,191.81716918945312,191.81716918945312,97010200,0.0,0.0,Apple Inc.
2024-06-11 00:00:00-04:00,2024-06-11,AAPL,192.34360572370616,205.762475197422,192.32375155853347,205.75253295898438,205.75253295898438,172373300,0.0,0.0,Apple Inc.
2024-06-12 00:00:00-04:00,2024-06-12,AAPL,205.97105482418652,218.7145040828182,205.50422428227435,211.6326141357422,211.6326141357422,198134300,0.0,0.0,Apple Inc.
2024-06-13 00:00:00-04:00,2024-06-13,AAPL,213.29133517221976,215.28776993558532,210.17251871917932,212.79470825195312,212.79470825195312,97862700,0.0,0.0,Apple Inc.
2024-06-14 00:00:00-04:00,2024-06-14,AAPL,212.40734441299963,213.71843162956222,209.874544034183,211.0565185546875,211.0565185546875,70122700,0.0,0.0,Apple Inc.
2024-06-17 00:00:00-04:00,2024-06-17,AAPL,211.93057220447776,217.47293058672338,211.28496325493592,215.20831298828125,215.20831298828125,93728300,0.0,0.0,Apple Inc.
2024-06-18 00:00:00-04:00,2024-06-18,AAPL,216.12210108008887,217.15509356895643,211.56306955662498,212.8443603515625,212.8443603515625,79943300,0.0,0.0,Apple Inc.
2024-06-20 00:00:00-04:00,2024-06-20,AAPL,212.48680152632818,212.79472296910444,207.4410850045998,208.26547241210938,208.26547241210938,86172500,0.0,0.0,Apple Inc.
2024-06-21 00:00:00-04:00,2024-06-21,AAPL,208.97070143703453,210.46058238700795,205.71282963889428,206.09027099609375,206.09027099609375,241805100,0.0,0.0,Apple Inc.
2024-06-24 00:00:00-04:00,2024-06-24,AAPL,206.3187055335118,211.2651058128792,205.19632375372012,206.73587036132812,206.73587036132812,80727000,0.0,0.0,Apple Inc.
2024-06-25 00:00:00-04:00,2024-06-25,AAPL,207.73905391104032,209.95402109263304,207.20270345608853,207.65960693359375,207.65960693359375,55549700,0.0,0.0,Apple Inc.
2024-06-26 00:00:00-04:00,2024-06-26,AAPL,210.07320698316605,213.41054080672134,209.2190079939271,211.8114013671875,211.8114013671875,66213200,0.0,0.0,Apple Inc.
2024-06-27 00:00:00-04:00,2024-06-27,AAPL,213.2416710401095,214.28459061162127,210.91746067332394,212.65565490722656,212.65565490722656,49772700,0.0,0.0,Apple Inc.
2024-06-28 00:00:00-04:00,2024-06-28,AAPL,214.31437813701,214.61235731022026,208.88127860134253,209.19911193847656,209.19911193847656,82542700,0.0,0.0,Apple Inc.
2024-07-01 00:00:00-04:00,2024-07-01,AAPL,210.65919906394006,216.04263295008636,210.49034773322808,215.2877655029297,215.2877655029297,60402900,0.0,0.0,Apple Inc.
2024-07-02 00:00:00-04:00,2024-07-02,AAPL,214.69182595520752,218.89330089441245,213.6489214774443,218.78404235839844,218.78404235839844,58046200,0.0,0.0,Apple Inc.
2024-07-03 00:00:00-04:00,2024-07-03,AAPL,218.5158580863075,220.05540466308594,217.55240059045883,220.05540466308594,220.05540466308594,37369800,0.0,0.0,Apple Inc.
2024-07-05 00:00:00-04:00,2024-07-05,AAPL,220.15471670620812,224.92233836715073,220.15471670620812,224.81307983398438,224.81307983398438,60412400,0.0,0.0,Apple Inc.
2024-07-08 00:00:00-04:00,2024-07-08,AAPL,225.55799489070097,226.31287745530616,221.74390405301608,226.2830810546875,226.2830810546875,59085900,0.0,0.0,Apple Inc.
2024-07-09 00:00:00-04:00,2024-07-09,AAPL,226.3923429370984,227.85242731023644,224.84286935479298,227.1372833251953,227.1372833251953,48076100,0.0,0.0,Apple Inc.
2024-07-10 00:00:00-04:00,2024-07-10,AAPL,227.75314253460962,231.50764139768867,227.703476804027,231.40830993652344,231.40830993652344,62627700,0.0,0.0,Apple Inc.
2024-07-11 00:00:00-04:00,2024-07-11,AAPL,229.82901193417422,230.82226580227746,224.2469300453064,226.0347900390625,226.0347900390625,64710600,0.0,0.0,Apple Inc.
2024-07-12 00:00:00-04:00,2024-07-12,AAPL,227.3756899381295,231.07059580434316,227.13730353661973,228.98475646972656,228.98475646972656,53046500,0.0,0.0,Apple Inc.
2024-07-15 00:00:00-04:00,2024-07-15,AAPL,234.88469567182594,235.62963615278247,231.51756530413658,232.8187255859375,232.8187255859375,62631300,0.0,0.0,Apple Inc.
2024-07-16 00:00:00-04:00,2024-07-16,AAPL,233.4146487749432,234.67608537579065,230.7626628820321,233.23587036132812,233.23587036132812,43234300,0.0,0.0,Apple Inc.
2024-07-17 00:00:00-04:00,2024-07-17,AAPL,227.90208429219518,229.89853415546077,225.1110435034522,227.3359375,227.3359375,57345900,0.0,0.0,Apple Inc.
2024-07-18 00:00:00-04:00,2024-07-18,AAPL,228.72648739278685,228.88541164065143,220.7705297877149,222.66763305664062,222.66763305664062,66034600,0.0,0.0,Apple Inc.
2024-07-19 00:00:00-04:00,2024-07-19,AAPL,223.30335264411235,225.2699911539264,221.77373312637206,222.79678344726562,222.79678344726562,49151500,0.0,0.0,Apple Inc.
2024-07-22 00:00:00-04:00,2024-07-22,AAPL,225.47857008869346,226.24337986146955,221.58501648633228,222.44915771484375,222.44915771484375,48201800,0.0,0.0,Apple Inc.
2024-07-23 00:00:00-04:00,2024-07-23,AAPL,222.85638350906987,225.40905343076804,221.17778191166562,223.4920654296875,223.4920654296875,39960300,0.0,0.0,Apple Inc.
2024-07-24 00:00:00-04:00,2024-07-24,AAPL,222.48886176091068,223.28346786979841,215.66521268088363,217.06568908691406,217.06568908691406,61777600,0.0,0.0,Apple Inc.
2024-07-25 00:00:00-04:00,2024-07-25,AAPL,217.45305415919788,219.36011485373604,213.17213256832727,216.0227813720703,216.0227813720703,51391200,0.0,0.0,Apple Inc.
2024-07-26 00:00:00-04:00,2024-07-26,AAPL,217.22462220056258,218.0093012590926,214.55276681781487,216.4896240234375,216.4896240234375,41601300,0.0,0.0,Apple Inc.
2024-07-29 00:00:00-04:00,2024-07-29,AAPL,215.49636696784094,217.82057739339885,214.2945231128628,216.76773071289062,216.76773071289062,36311800,0.0,0.0,Apple Inc.
2024-07-30 00:00:00-04:00,2024-07-30,AAPL,217.71131248471113,218.84362126060284,214.66201590891492,217.32394409179688,217.32394409179688,41643800,0.0,0.0,Apple Inc.
2024-07-31 00:00:00-04:00,2024-07-31,AAPL,219.94613576688096,222.31008478832948,219.14160257039833,220.58181762695312,220.58181762695312,50036300,0.0,0.0,Apple Inc.
2024-08-01 00:00:00-04:00,2024-08-01,AAPL,222.85636745689294,222.96562598955987,215.5559605569344,216.8869171142578,216.8869171142578,62501000,0.0,0.0,Apple Inc.
2024-08-02 00:00:00-04:00,2024-08-02,AAPL,217.6715683981697,224.07806765618477,216.24129562954897,218.3767852783203,218.3767852783203,105568600,0.0,0.0,Apple Inc.
2024-08-05 00:00:00-04:00,2024-08-05,AAPL,197.74689884962459,212.05968999437758,194.67774819155974,207.8582305908203,207.8582305908203,119548600,0.0,0.0,Apple Inc.
2024-08-06 00:00:00-04:00,2024-08-06,AAPL,203.91501287026546,208.5733757245506,199.7135534430835,205.8319854736328,205.8319854736328,69660500,0.0,0.0,Apple Inc.
2024-08-07 00:00:00-04:00,2024-08-07,AAPL,205.50421123787663,212.1987475040528,204.9976572409954,208.40452575683594,208.40452575683594,63516400,0.0,0.0,Apple Inc.
2024-08-08 00:00:00-04:00,2024-08-08,AAPL,211.67233918968967,212.7549823030523,207.42121371107248,211.87098693847656,211.87098693847656,47161100,0.0,0.0,Apple Inc.
2024-08-09 00:00:00-04:00,2024-08-09,AAPL,210.66917905420067,215.31760049038544,210.54005118457778,214.78125,214.78125,42201600,0.0,0.0,Apple Inc.
2024-08-12 00:00:00-04:00,2024-08-12,AAPL,214.86078610016068,218.28152162650582,214.39341520959198,216.31260681152344,216.31260681152344,38028100,0.25,0.0,Apple Inc.
2024-08-13 00:00:00-04:00,2024-08-13,AAPL,217.7843306202791,220.64821789171992,217.7843306202791,220.0316925048828,220.0316925048828,44155300,0.0,0.0,Apple Inc.
2024-08-14 00:00:00-04:00,2024-08-14,AAPL,219.33559848009435,221.7818227179272,218.4704570730026,220.47915649414062,220.47915649414062,41960600,0.0,0.0,Apple Inc.
2024-08-15 00:00:00-04:00,2024-08-15,AAPL,223.3430482530648,224.08885093177264,221.51333414952188,223.46237182617188,223.46237182617188,46414000,0.0,0.0,Apple Inc.
2024-08-16 00:00:00-04:00,2024-08-16,AAPL,222.66684293368954,225.56056092969672,222.39834972442236,224.78492736816406,224.78492736816406,44340200,0.0,0.0,Apple Inc.
2024-08-19 00:00:00-04:00,2024-08-19,AAPL,224.45679243420122,224.72528566746527,221.79178276984416,224.62583923339844,224.62583923339844,40687800,0.0,0.0,Apple Inc.
2024-08-20 00:00:00-04:00,2024-08-20,AAPL,224.50649118022673,225.89865006504533,224.18827476461456,225.24234008789062,225.24234008789062,30299000,0.0,0.0,Apple Inc.
2024-08-21 00:00:00-04:00,2024-08-21,AAPL,225.25230383574092,226.70412456960102,223.7905293550798,225.13296508789062,225.13296508789062,34765500,0.0,0.0,Apple Inc.
2024-08-22 00:00:00-04:00,2024-08-22,AAPL,226.51517227009805,227.06209724349452,222.64694316501192,223.27342224121094,223.27342224121094,43695300,0.0,0.0,Apple Inc.
2024-08-23 00:00:00-04:00,2024-08-23,AAPL,224.39710671028325,226.9427773475752,223.07454817990703,225.57049560546875,225.57049560546875,38677300,0.0,0.0,Apple Inc.
2024-08-26 00:00:00-04:00,2024-08-26,AAPL,225.490936936756,226.00803101617393,222.6370036872603,225.90858459472656,225.90858459472656,30602200,0.0,0.0,Apple Inc.
2024-08-27 00:00:00-04:00,2024-08-27,AAPL,224.73519205544582,227.569248113113,223.63140355832627,226.7538299560547,226.7538299560547,35934600,0.0,0.0,Apple Inc.
2024-08-28 00:00:00-04:00,2024-08-28,AAPL,226.64446298605537,228.57360836626125,224.41699349604747,225.22247314453125,225.22247314453125,38052200,0.0,0.0,Apple Inc.
2024-08-29 00:00:00-04:00,2024-08-29,AAPL,228.8122756660522,231.61648594304322,227.5991020536236,228.50399780273438,228.50399780273438,51906300,0.0,0.0,Apple Inc.
2024-08-30 00:00:00-04:00,2024-08-30,AAPL,228.90175696593346,229.11057321557684,226.2069166530855,227.71841430664062,227.71841430664062,52990800,0.0,0.0,Apple Inc.
2024-09-03 00:00:00-04:00,2024-09-03,AAPL,227.2709519194148,227.7184305167556,219.93224829880322,221.52330017089844,221.52330017089844,50190600,0.0,0.0,Apple Inc.
2024-09-04 00:00:00-04:00,2024-09-04,AAPL,220.4195086889333,220.5388322671096,216.26289369284987,219.61404418945312,219.61404418945312,43840200,0.0,0.0,Apple Inc.
2024-09-05 00:00:00-04:00,2024-09-05,AAPL,220.38968006999326,224.2181249188319,220.28029506440387,221.13548278808594,221.13548278808594,36615400,0.0,0.0,Apple Inc.
2024-09-06 00:00:00-04:00,2024-09-06,AAPL,222.69667077468378,223.97945984429646,218.54007124155592,219.58419799804688,219.58419799804688,48423000,0.0,0.0,Apple Inc.
2024-09-09 00:00:00-04:00,2024-09-09,AAPL,219.58421337102425,220.03169196273555,215.49721390972365,219.6737060546875,219.6737060546875,67180000,0.0,0.0,Apple Inc.
2024-09-10 00:00:00-04:00,2024-09-10,AAPL,217.69483113354613,220.2405018848782,215.517084853391,218.878173828125,218.878173828125,51591000,0.0,0.0,Apple Inc.
2024-09-11 00:00:00-04:00,2024-09-11,AAPL,220.22061344649163,221.8414808899648,216.670585544778,221.4138946533203,221.4138946533203,44587100,0.0,0.0,Apple Inc.
2024-09-12 00:00:00-04:00,2024-09-12,AAPL,221.2548069431359,222.29893378586118,218.58981250678085,221.52330017089844,221.52330017089844,37455600,0.0,0.0,Apple Inc.
2024-09-13 00:00:00-04:00,2024-09-13,AAPL,222.32874892129448,222.78616606005667,220.66809680320824,221.25479125976562,221.25479125976562,36766600,0.0,0.0,Apple Inc.
2024-09-16 00:00:00-04:00,2024-09-16,AAPL,215.328129813119,216.0043320914465,212.7227974671536,215.109375,215.109375,59357400,0.0,0.0,Apple Inc.
2024-09-17 00:00:00-04:00,2024-09-17,AAPL,214.54256344637628,215.6861214463737,213.2995590231644,215.5767364501953,215.5767364501953,45519300,0.0,0.0,Apple Inc.
2024-09-18 00:00:00-04:00,2024-09-18,AAPL,216.33249894497217,221.46362499015893,216.322545198334,219.45492553710938,219.45492553710938,59894900,0.0,0.0,Apple Inc.
2024-09-19 00:00:00-04:00,2024-09-19,AAPL,223.7308662842885,228.53383738270648,223.37288038958053,227.58914184570312,227.58914184570312,66781300,0.0,0.0,Apple Inc.
2024-09-20 00:00:00-04:00,2024-09-20,AAPL,228.6829959505254,231.7855303113645,226.34614143297367,226.9228973388672,226.9228973388672,318679900,0.0,0.0,Apple Inc.
2024-09-23 00:00:00-04:00,2024-09-23,AAPL,226.06770192621624,228.16589404695566,224.54626569168985,225.20257568359375,225.20257568359375,54146000,0.0,0.0,Apple Inc.
2024-09-24 00:00:00-04:00,2024-09-24,AAPL,227.3703848763016,228.06647955891447,224.466728085426,226.09754943847656,226.09754943847656,43556100,0.0,0.0,Apple Inc.
2024-09-25 00:00:00-04:00,2024-09-25,AAPL,223.6711754067507,226.01796830972677,222.76627973963284,225.10311889648438,225.10311889648438,42308700,0.0,0.0,Apple Inc.
2024-09-26 00:00:00-04:00,2024-09-26,AAPL,226.02793410267134,227.22121534991766,224.14851196557498,226.2467041015625,226.2467041015625,36636700,0.0,0.0,Apple Inc.
2024-09-27 00:00:00-04:00,2024-09-27,AAPL,227.1814462394898,228.23551159576573,226.0279344568732,226.5151824951172,226.5151824951172,34026000,0.0,0.0,Apple Inc.
2024-09-30 00:00:00-04:00,2024-09-30,AAPL,228.75257338192353,231.69601440429688,228.36475662569327,231.69601440429688,231.69601440429688,54541900,0.0,0.0,Apple Inc.
2024-10-01 00:00:00-04:00,2024-10-01,AAPL,228.2355040411627,228.36476618305377,222.4878528116685,224.94403076171875,224.94403076171875,63285000,0.0,0.0,Apple Inc.
2024-10-02 00:00:00-04:00,2024-10-02,AAPL,224.62581519597003,226.09752818761766,221.771881889721,225.51083374023438,225.51083374023438,32880600,0.0,0.0,Apple Inc.
2024-10-03 00:00:00-04:00,2024-10-03,AAPL,223.88001079844628,225.5406628776434,222.0702042586661,224.40704345703125,224.40704345703125,34044200,0.0,0.0,Apple Inc.
2024-10-04 00:00:00-04:00,2024-10-04,AAPL,226.62458134960903,226.72402778202942,222.87569058700512,225.53074645996094,225.53074645996094,37245100,0.0,0.0,Apple Inc.
2024-10-07 00:00:00-04:00,2024-10-07,AAPL,223.24361256318196,224.42695529805295,220.09135491038006,220.4493408203125,220.4493408203125,39505400,0.0,0.0,Apple Inc.
2024-10-08 00:00:00-04:00,2024-10-08,AAPL,223.0447106099303,224.7153012256155,222.0005838884303,224.50648498535156,224.50648498535156,31855700,0.0,0.0,Apple Inc.
2024-10-09 00:00:00-04:00,2024-10-09,AAPL,223.96950943919006,228.46421777631028,223.57175408478048,228.25538635253906,228.25538635253906,33591100,0.0,0.0,Apple Inc.
2024-10-10 00:00:00-04:00,2024-10-10,AAPL,226.50523572074002,228.21561101279016,225.89864895817115,227.7581787109375,227.7581787109375,28183500,0.0,0.0,Apple Inc.
2024-10-11 00:00:00-04:00,2024-10-11,AAPL,228.0167412789572,228.12612627842185,226.0677036085129,226.2765350341797,226.2765350341797,31759200,0.0,0.0,Apple Inc.
2024-10-14 00:00:00-04:00,2024-10-14,AAPL,227.4200987868959,230.43314046117197,227.32066753158787,230.00555419921875,230.00555419921875,39882100,0.0,0.0,Apple Inc.
2024-10-15 00:00:00-04:00,2024-10-15,AAPL,232.30261271123658,236.16090332060597,231.0695468532438,232.54127502441406,232.54127502441406,64751400,0.0,0.0,Apple Inc.
2024-10-16 00:00:00-04:00,2024-10-16,AAPL,230.30387901574463,230.82095796107367,228.5537189749549,230.4828643798828,230.4828643798828,34082200,0.0,0.0,Apple Inc.
2024-10-17 00:00:00-04:00,2024-10-17,AAPL,232.12361966628396,232.5412825211578,229.22991678936268,230.8507843017578,230.8507843017578,32993800,0.0,0.0,Apple Inc.
2024-10-18 00:00:00-04:00,2024-10-18,AAPL,234.85824926571246,234.85824926571246,232.7003951431242,233.6848602294922,233.6848602294922,46431500,0.0,0.0,Apple Inc.
2024-10-21 00:00:00-04:00,2024-10-21,AAPL,233.13791711516282,235.52449481958178,233.13791711516282,235.15655517578125,235.15655517578125,36254500,0.0,0.0,Apple Inc.
2024-10-22 00:00:00-04:00,2024-10-22,AAPL,232.5810475805218,234.89800969153723,231.29827366695753,234.54002380371094,234.54002380371094,38846600,0.0,0.0,Apple Inc.
2024-10-23 00:00:00-04:00,2024-10-23,AAPL,232.76999409553275,233.82405947286142,226.4853561254601,229.46856689453125,229.46856689453125,52287000,0.0,0.0,Apple Inc.
2024-10-24 00:00:00-04:00,2024-10-24,AAPL,228.69290772550585,229.52821817918294,227.13170215450282,229.2796173095703,229.2796173095703,31109500,0.0,0.0,Apple Inc.
2024-10-25 00:00:00-04:00,2024-10-25,AAPL,228.45427709115,231.91479719738325,228.28523030841902,230.11492919921875,230.11492919921875,38802300,0.0,0.0,Apple Inc.
2024-10-28 00:00:00-04:00,2024-10-28,AAPL,232.0142568404043,233.4163543943246,231.24856181455635,232.0937957763672,232.0937957763672,36087100,0.0,0.0,Apple Inc.
2024-10-29 00:00:00-04:00,2024-10-29,AAPL,231.7954872619061,233.01859945208068,231.01985366097637,232.36228942871094,232.36228942871094,35417200,0.0,0.0,Apple Inc.
2024-10-30 00:00:00-04:00,2024-10-30,AAPL,231.30821865562254,232.1634063461827,228.2653461113998,228.81227111816406,228.81227111816406,47070900,0.0,0.0,Apple Inc.
2024-10-31 00:00:00-04:00,2024-10-31,AAPL,228.05650301771783,228.5437662121666,224.10871977089283,224.6457061767578,224.6457061767578,64370100,0.0,0.0,Apple Inc.
2024-11-01 00:00:00-04:00,2024-11-01,AAPL,219.73336072670745,224.08885327131992,219.03728125399175,221.66250610351562,221.66250610351562,65276700,0.0,0.0,Apple Inc.
2024-11-04 00:00:00-05:00,2024-11-04,AAPL,219.75323643771605,221.54315061130296,218.4804011628397,220.76751708984375,220.76751708984375,44944500,0.0,0.0,Apple Inc.
2024-11-05 00:00:00-05:00,2024-11-05,AAPL,220.55871830266648,222.6966799421733,219.90240829460964,222.19947814941406,222.19947814941406,28111300,0.0,0.0,Apple Inc.
2024-11-06 00:00:00-05:00,2024-11-06,AAPL,221.36415627152132,224.8047989417024,219.95210516998125,221.47354125976562,221.47354125976562,54561100,0.0,0.0,Apple Inc.
2024-11-07 00:00:00-05:00,2024-11-07,AAPL,223.37288331058951,226.6046949785728,223.31322152292373,226.20692443847656,226.20692443847656,42137700,0.0,0.0,Apple Inc.
2024-11-08 00:00:00-05:00,2024-11-08,AAPL,226.1471868576639,227.63048374280507,225.39061415381417,225.93814086914062,225.93814086914062,38328800,0.25,0.0,Apple Inc.
2024-11-11 00:00:00-05:00,2024-11-11,AAPL,223.98696589218596,224.68381119249955,220.50272420052974,223.22042846679688,223.22042846679688,42005600,0.0,0.0,Apple Inc.
2024-11-12 00:00:00-05:00,2024-11-12,AAPL,223.53899499841924,224.5743058460154,222.354350392842,223.22042846679688,223.22042846679688,40398300,0.0,0.0,Apple Inc.
2024-11-13 00:00:00-05:00,2024-11-13,AAPL,223.00142703514817,225.629540269826,221.75705495073464,224.10643005371094,224.10643005371094,48566200,0.0,0.0,Apple Inc.
2024-11-14 00:00:00-05:00,2024-11-14,AAPL,224.0068849307252,227.83954176018094,223.9869707245471,227.19247436523438,227.19247436523438,44923900,0.0,0.0,Apple Inc.
2024-11-15 00:00:00-05:00,2024-11-15,AAPL,225.38064426033654,225.89830725108274,223.26024476090137,223.98695373535156,223.98695373535156,47923700,0.0,0.0,Apple Inc.
2024-11-18 00:00:00-05:00,2024-11-18,AAPL,224.2358449505769,228.70563485331775,224.15620331601912,226.99337768554688,226.99337768554688,44633700,0.0,0.0,Apple Inc.
2024-11-19 00:00:00-05:00,2024-11-19,AAPL,225.95804731142948,229.123737666772,225.63949596937007,227.252197265625,227.252197265625,36211800,0.0,0.0,Apple Inc.
2024-11-20 00:00:00-05:00,2024-11-20,AAPL,227.0331781982001,228.89475383274825,224.8729502483013,227.9689483642578,227.9689483642578,35169600,0.0,0.0,Apple Inc.
2024-11-21 00:00:00-05:00,2024-11-21,AAPL,227.8494991340082,229.1237348668511,224.69377351516385,227.49111938476562,227.49111938476562,42108300,0.0,0.0,Apple Inc.
2024-11-22 00:00:00-05:00,2024-11-22,AAPL,227.03318893672346,229.6812162999479,227.03318893672346,228.8350372314453,228.8350372314453,38168300,0.0,0.0,Apple Inc.
2024-11-25 00:00:00-05:00,2024-11-25,AAPL,230.41789305922475,232.19982717145672,228.70563588373938,231.821533203125,231.821533203125,90152800,0.0,0.0,Apple Inc.
2024-11-26 00:00:00-05:00,2024-11-26,AAPL,232.27945661483375,234.50937670519198,232.27945661483375,234.0016632080078,234.0016632080078,45986200,0.0,0.0,Apple Inc.
2024-11-27 00:00:00-05:00,2024-11-27,AAPL,233.41433300973634,234.62884134649127,232.75730092131053,233.87225341796875,233.87225341796875,33498400,0.0,0.0,Apple Inc.
2024-11-29 00:00:00-05:00,2024-11-29,AAPL,233.75280101667178,236.73929396987336,232.91658663539664,236.26145935058594,236.26145935058594,28481400,0.0,0.0,Apple Inc.
2024-12-02 00:00:00-05:00,2024-12-02,AAPL,236.20171450499868,239.70585504150458,236.0922091638524,238.51126098632812,238.51126098632812,48137100,0.0,0.0,Apple Inc.
2024-12-03 00:00:00-05:00,2024-12-03,AAPL,238.73028547870095,241.66700046466846,237.82437898500294,241.5574951171875,241.5574951171875,38861000,0.0,0.0,Apple Inc.
2024-12-04 00:00:00-05:00,2024-12-04,AAPL,241.7765092325954,243.01093178619982,240.16380790150487,241.91587829589844,241.91587829589844,44383900,0.0,0.0,Apple Inc.
2024-12-05 00:00:00-05:00,2024-12-05,AAPL,242.8914746561807,243.43898620611924,241.03984843814553,241.94573974609375,241.94573974609375,40033900,0.0,0.0,Apple Inc.
2024-12-06 00:00:00-05:00,2024-12-06,AAPL,241.81631992920728,243.52857697582414,240.99005511798387,241.7466278076172,241.7466278076172,36870600,0.0,0.0,Apple Inc.
2024-12-09 00:00:00-05:00,2024-12-09,AAPL,240.74119161135067,246.12683738886614,240.6615499788263,245.6390380859375,245.6390380859375,44649200,0.0,0.0,Apple Inc.
2024-12-10 00:00:00-05:00,2024-12-10,AAPL,245.77840669680953,247.09247084593116,244.23538234840328,246.65444946289062,246.65444946289062,36914800,0.0,0.0,Apple Inc.
2024-12-11 00:00:00-05:00,2024-12-11,AAPL,246.84357055082145,249.67077984834796,245.1512126229246,245.38018798828125,245.38018798828125,45205800,0.0,0.0,Apple Inc.
2024-12-12 00:00:00-05:00,2024-12-12,AAPL,245.77839247075497,247.62006903646127,244.57383373711528,246.8435821533203,246.8435821533203,32777500,0.0,0.0,Apple Inc.
2024-12-13 00:00:00-05:00,2024-12-13,AAPL,246.70421556592945,248.16758302178013,245.13132757947596,247.0128173828125,247.0128173828125,33155300,0.0,0.0,Apple Inc.
2024-12-16 00:00:00-05:00,2024-12-16,AAPL,246.8734431082497,250.24817919808956,246.53496239648825,249.90969848632812,249.90969848632812,51694800,0.0,0.0,Apple Inc.
2024-12-17 00:00:00-05:00,2024-12-17,AAPL,248.95404406138837,252.68716009783537,248.655391740455,252.33872985839844,252.33872985839844,51356400,0.0,0.0,Apple Inc.
2024-12-18 00:00:00-05:00,2024-12-18,AAPL,251.02467749046986,253.13512753347695,246.62457993830327,246.9331817626953,246.9331817626953,56774100,0.0,0.0,Apple Inc.
2024-12-19 00:00:00-05:00,2024-12-19,AAPL,246.3856613682502,250.86540066585474,245.97750369773615,248.66534423828125,248.66534423828125,60882300,0.0,0.0,Apple Inc.
2024-12-20 00:00:00-05:00,2024-12-20,AAPL,246.9232356335886,253.85190610745477,244.58382522076937,253.34420776367188,253.34420776367188,147495300,0.0,0.0,Apple Inc.
2024-12-23 00:00:00-05:00,2024-12-23,AAPL,253.62293295259332,254.49896052911285,252.30886880268173,254.1206817626953,254.1206817626953,40858800,0.0,0.0,Apple Inc.
2024-12-24 00:00:00-05:00,2024-12-24,AAPL,254.3397007808045,257.04744042152294,254.14058909817473,257.0375061035156,257.0375061035156,23234700,0.0,0.0,Apple Inc.
2024-12-26 00:00:00-05:00,2024-12-26,AAPL,257.02754060124687,258.9289447577566,256.4700643478404,257.8537902832031,257.8537902832031,27237100,0.0,0.0,Apple Inc.
2024-12-27 00:00:00-05:00,2024-12-27,AAPL,256.66914450564,257.53525297634997,251.92063167469624,254.43923950195312,254.43923950195312,42355300,0.0,0.0,Apple Inc.
2024-12-30 00:00:00-05:00,2024-12-30,AAPL,251.09437787562297,252.35866419404098,249.62104554893796,251.06451416015625,251.06451416015625,35557500,0.0,0.0,Apple Inc.
2024-12-31 00:00:00-05:00,2024-12-31,AAPL,251.30342042234355,252.1396347735265,248.30696287880588,249.29251098632812,249.29251098632812,39480700,0.0,0.0,Apple Inc.
2025-01-02 00:00:00-05:00,2025-01-02,AAPL,247.80922035937212,247.97846832553566,240.73124671787497,242.75210571289062,242.75210571289062,55740700,0.0,0.0,Apple Inc.
2025-01-03 00:00:00-05:00,2025-01-03,AAPL,242.26429748535156,243.08059762167903,240.80091479245596,242.26429748535156,242.26429748535156,40244100,0.0,0.0,Apple Inc.
2025-01-06 00:00:00-05:00,2025-01-06,AAPL,243.21003106356198,246.21643825220417,242.10502805254345,243.8969268798828,243.8969268798828,45045600,0.0,0.0,Apple Inc.
2025-01-07 00:00:00-05:00,2025-01-07,AAPL,241.88599852058522,244.44443460073458,240.263347789176,241.11947631835938,241.11947631835938,40856000,0.0,0.0,Apple Inc.
2025-01-08 00:00:00-05:00,2025-01-08,AAPL,240.83076714912374,242.61271628247306,238.96919157849698,241.6072540283203,241.6072540283203,37628900,0.0,0.0,Apple Inc.
2025-01-10 00:00:00-05:00,2025-01-10,AAPL,238.9293760168756,239.0787097724967,231.95094323601768,235.7836151123047,235.7836151123047,61710900,0.0,0.0,Apple Inc.
2025-01-13 00:00:00-05:00,2025-01-13,AAPL,232.47855694506205,233.61342361918983,228.68571346021633,233.34463500976562,233.34463500976562,49630700,0.0,0.0,Apple Inc.
2025-01-14 00:00:00-05:00,2025-01-14,AAPL,233.69305795736565,235.05688478727922,231.4233246799516,232.22967529296875,232.22967529296875,39435300,0.0,0.0,Apple Inc.
2025-01-15 00:00:00-05:00,2025-01-15,AAPL,233.5835582088168,237.88411516800545,233.3744970274307,236.79901123046875,236.79901123046875,39832000,0.0,0.0,Apple Inc.
2025-01-16 00:00:00-05:00,2025-01-16,AAPL,236.28135372007077,236.93837057014855,227.00330909981085,227.23226928710938,227.23226928710938,71759100,0.0,0.0,Apple Inc.
2025-01-17 00:00:00-05:00,2025-01-17,AAPL,231.0749139636463,231.24414674448963,227.4513030577177,228.94454956054688,228.94454956054688,68488300,0.0,0.0,Apple Inc.
2025-01-21 00:00:00-05:00,2025-01-21,AAPL,222.9914505136237,223.40955766052627,218.39225670760806,221.6375732421875,221.6375732421875,98070400,0.0,0.0,Apple Inc.
2025-01-22 00:00:00-05:00,2025-01-22,AAPL,218.80040121474653,223.11090745632038,218.80040121474653,222.8222198486328,222.8222198486328,64126500,0.0,0.0,Apple Inc.
2025-01-23 00:00:00-05:00,2025-01-23,AAPL,223.72815445577547,226.0078374632505,221.29913768199057,222.65301513671875,222.65301513671875,60234800,0.0,0.0,Apple Inc.
2025-01-24 00:00:00-05:00,2025-01-24,AAPL,223.76794215782238,224.614121166801,220.4131202139208,221.77694702148438,221.77694702148438,54697900,0.0,0.0,Apple Inc.
2025-01-27 00:00:00-05:00,2025-01-27,AAPL,223.01137104866308,231.10475600574816,222.9715426392062,228.8250732421875,228.8250732421875,94863400,0.0,0.0,Apple Inc.
2025-01-28 00:00:00-05:00,2025-01-28,AAPL,229.81063008981926,239.1085741517517,229.77080167884077,237.187255859375,237.187255859375,75707600,0.0,0.0,Apple Inc.
2025-01-29 00:00:00-05:00,2025-01-29,AAPL,233.06590496072297,238.78006694024197,232.95639961161774,238.28231811523438,238.28231811523438,45486100,0.0,0.0,Apple Inc.
2025-01-30 00:00:00-05:00,2025-01-30,AAPL,237.59540286874542,239.70585285329432,236.14198492507634,236.520263671875,236.520263671875,55658300,0.0,0.0,Apple Inc.
2025-01-31 00:00:00-05:00,2025-01-31,AAPL,246.07705979363328,246.07705979363328,232.38896748106293,234.93743896484375,234.93743896484375,100959800,0.0,0.0,Apple Inc.
2025-02-03 00:00:00-05:00,2025-02-03,AAPL,228.9545099800506,230.78622201033428,224.68381655532258,226.98341369628906,226.98341369628906,73063300,0.0,0.0,Apple Inc.
2025-02-04 00:00:00-05:00,2025-02-04,AAPL,226.2268315478868,232.08036234711574,225.62952690670866,231.75184631347656,231.75184631347656,45067300,0.0,0.0,Apple Inc.
2025-02-05 00:00:00-05:00,2025-02-05,AAPL,227.50106167329415,231.62242106375825,227.24223776986636,231.42332458496094,231.42332458496094,39620300,0.0,0.0,Apple Inc.
2025-02-06 00:00:00-05:00,2025-02-06,AAPL,230.24863411824003,232.74734282564026,229.39250557129796,232.16995239257812,232.16995239257812,29925300,0.0,0.0,Apple Inc.
2025-02-07 00:00:00-05:00,2025-02-07,AAPL,231.5527419594936,232.94643248808816,226.23677336593994,226.60511779785156,226.60511779785156,39707200,0.0,0.0,Apple Inc.
2025-02-10 00:00:00-05:00,2025-02-10,AAPL,228.7876615470872,229.80417456619486,226.42572786906877,226.8741912841797,226.8741912841797,33115600,0.25,0.0,Apple Inc.
2025-02-11 00:00:00-05:00,2025-02-11,AAPL,227.4223198813819,234.42836130351915,227.35256634016287,231.82725524902344,231.82725524902344,53718400,0.0,0.0,Apple Inc.
2025-02-12 00:00:00-05:00,2025-02-12,AAPL,230.41209906543347,236.15247950770552,229.89386689621963,236.06277465820312,236.06277465820312,45243300,0.0,0.0,Apple Inc.
2025-02-13 00:00:00-05:00,2025-02-13,AAPL,236.10264318513748,241.514131106333,234.7672133917818,240.70689392089844,240.70689392089844,53614100,0.0,0.0,Apple Inc.
2025-02-14 00:00:00-05:00,2025-02-14,AAPL,240.4278440984732,244.71319316935814,240.1687356269457,243.7664337158203,243.7664337158203,40896200,0.0,0.0,Apple Inc.
2025-02-18 00:00:00-05:00,2025-02-18,AAPL,243.31796980618805,244.34445851454996,241.01584434943877,243.6368865966797,243.6368865966797,48822500,0.0,0.0,Apple Inc.
2025-02-19 00:00:00-05:00,2025-02-19,AAPL,243.8262313730556,245.17162160901916,242.33134319523683,244.03550720214844,244.03550720214844,32204200,0.0,0.0,Apple Inc.
2025-02-20 00:00:00-05:00,2025-02-20,AAPL,244.10528213544586,245.93900803040836,243.45748811790233,244.99224853515625,244.99224853515625,32316900,0.0,0.0,Apple Inc.
2025-02-21 00:00:00-05:00,2025-02-21,AAPL,245.1118418459535,247.8425098737267,244.3843338177488,244.7132110595703,244.7132110595703,53197400,0.0,0.0,Apple Inc.
2025-02-24 00:00:00-05:00,2025-02-24,AAPL,244.0953010258401,248.01191597096326,243.58704451830639,246.25791931152344,246.25791931152344,51326400,0.0,0.0,Apple Inc.
2025-02-25 00:00:00-05:00,2025-02-25,AAPL,247.1548399621421,249.14802415538517,244.07537403321078,246.19810485839844,246.19810485839844,48013300,0.0,0.0,Apple Inc.
2025-02-26 00:00:00-05:00,2025-02-26,AAPL,243.49736566903925,244.14514449402503,238.3150894487839,239.5408935546875,239.5408935546875,44433600,0.0,0.0,Apple Inc.
2025-02-27 00:00:00-05:00,2025-02-27,AAPL,238.5941277716784,241.6337368385667,236.25213016109495,236.49131774902344,236.49131774902344,41153600,0.0,0.0,Apple Inc.
2025-02-28 00:00:00-05:00,2025-02-28,AAPL,236.14250368420718,241.26498665715278,229.41550676334808,241.01583862304688,241.01583862304688,56833400,0.0,0.0,Apple Inc.
2025-03-03 00:00:00-05:00,2025-03-03,AAPL,240.96599177281342,243.1983635012748,235.3053560708129,237.21881103515625,237.21881103515625,47184000,0.0,0.0,Apple Inc.
2025-03-04 00:00:00-05:00,2025-03-04,AAPL,236.89992456399492,239.25188262538288,233.88023638606123,235.1259765625,235.1259765625,53798100,0.0,0.0,Apple Inc.
2025-03-05 00:00:00-05:00,2025-03-05,AAPL,234.61771347352882,235.7438674276595,228.44880585950324,234.93663024902344,234.93663024902344,47227600,0.0,0.0,Apple Inc.
2025-03-06 00:00:00-05:00,2025-03-06,AAPL,233.64104879709757,237.0493918731741,232.36541215599715,234.52801513671875,234.52801513671875,45170400,0.0,0.0,Apple Inc.
2025-03-07 00:00:00-05:00,2025-03-07,AAPL,234.3087681523361,240.54742919495166,233.95995483623878,238.25527954101562,238.25527954101562,46273600,0.0,0.0,Apple Inc.
2025-03-10 00:00:00-04:00,2025-03-10,AAPL,234.73730306532093,235.35520052510583,223.45588808739058,226.70477294921875,226.70477294921875,72071200,0.0,0.0,Apple Inc.
2025-03-11 00:00:00-04:00,2025-03-11,AAPL,223.04728218644934,225.0703629938446,216.7089556312574,220.08740234375,220.08740234375,76137400,0.0,0.0,Apple Inc.
2025-03-12 00:00:00-04:00,2025-03-12,AAPL,219.38980505207962,220.99431909322652,214.17763213362198,216.24057006835938,216.24057006835938,62547500,0.0,0.0,Apple Inc.
2025-03-13 00:00:00-04:00,2025-03-13,AAPL,215.2140760046737,216.1010424274323,207.7097381833997,208.96543884277344,208.96543884277344,61368300,0.0,0.0,Apple Inc.
2025-03-14 00:00:00-04:00,2025-03-14,AAPL,210.53009451028822,213.22089031000854,208.86578742228792,212.76246643066406,212.76246643066406,60107600,0.0,0.0,Apple Inc.
2025-03-17 00:00:00-04:00,2025-03-17,AAPL,212.58307041465437,214.48656508270392,209.25445626243933,213.27072143554688,213.27072143554688,48073400,0.0,0.0,Apple Inc.
2025-03-18 00:00:00-04:00,2025-03-18,AAPL,213.43018643369246,214.4168029665515,210.76928711901598,211.96519470214844,211.96519470214844,42432400,0.0,0.0,Apple Inc.
2025-03-19 00:00:00-04:00,2025-03-19,AAPL,213.4899719913265,218.01449366985423,213.02157246340184,214.50650024414062,214.50650024414062,54385400,0.0,0.0,Apple Inc.
2025-03-20 00:00:00-04:00,2025-03-20,AAPL,213.2607508466693,216.74882322763474,211.4967785561088,213.37037658691406,213.37037658691406,48862900,0.0,0.0,Apple Inc.
2025-03-21 00:00:00-04:00,2025-03-21,AAPL,210.83902892918795,218.09421843072647,210.55998434888178,217.5261688232422,217.5261688232422,94127800,0.0,0.0,Apple Inc.
2025-03-24 00:00:00-04:00,2025-03-24,AAPL,220.24686734420678,220.7252273230714,217.83511614199446,219.977783203125,219.977783203125,44299500,0.0,0.0,Apple Inc.
2025-03-25 00:00:00-04:00,2025-03-25,AAPL,220.0176475207108,223.3363011191594,219.32999652191663,222.98748779296875,222.98748779296875,34493600,0.0,0.0,Apple Inc.
2025-03-26 00:00:00-04:00,2025-03-26,AAPL,222.74828771017502,224.25315146564492,219.71865451354498,220.77503967285156,220.77503967285156,34466100,0.0,0.0,Apple Inc.
2025-03-27 00:00:00-04:00,2025-03-27,AAPL,220.63551973925667,224.22325730600966,219.8083464889556,223.08714294433594,223.08714294433594,37094800,0.0,0.0,Apple Inc.
2025-03-28 00:00:00-04:00,2025-03-28,AAPL,220.91456609374504,223.04727255158852,216.93815819229235,217.15740966796875,217.15740966796875,39818600,0.0,0.0,Apple Inc.
2025-03-31 00:00:00-04:00,2025-03-31,AAPL,216.27045427307317,224.8511131847691,215.49311362240712,221.37301635742188,221.37301635742188,65299300,0.0,0.0,Apple Inc.
2025-04-01 00:00:00-04:00,2025-04-01,AAPL,219.06091135294477,222.91771798921508,218.15400887457568,222.4293975830078,222.4293975830078,36412700,0.0,0.0,Apple Inc.
2025-04-02 00:00:00-04:00,2025-04-02,AAPL,220.56578026164416,224.4225869866718,220.2667995775576,223.12701416015625,223.12701416015625,35905900,0.0,0.0,Apple Inc.
2025-04-03 00:00:00-04:00,2025-04-03,AAPL,204.83955642508238,206.7829234026015,200.56418252947898,202.49757385253906,202.49757385253906,103419000,0.0,0.0,Apple Inc.
2025-04-04 00:00:00-04:00,2025-04-04,AAPL,193.2292544699453,199.19884701911502,186.70157274086588,187.738037109375,187.738037109375,125910900,0.0,0.0,Apple Inc.
2025-04-07 00:00:00-04:00,2025-04-07,AAPL,176.59612158290105,193.48835506739644,174.02491207450518,180.84161376953125,180.84161376953125,160466300,0.0,0.0,Apple Inc.
2025-04-08 00:00:00-04:00,2025-04-08,AAPL,186.0637635998773,189.69135865616965,168.63337548243626,171.83242797851562,171.83242797851562,120859500,0.0,0.0,Apple Inc.
2025-04-09 00:00:00-04:00,2025-04-09,AAPL,171.3640110222038,199.926344669284,171.30421792842867,198.17234802246094,198.17234802246094,184395900,0.0,0.0,Apple Inc.
2025-04-10 00:00:00-04:00,2025-04-10,AAPL,188.42568213047016,194.11621470149436,182.37636057603893,189.7710723876953,189.7710723876953,121880000,0.0,0.0,Apple Inc.
2025-04-11 00:00:00-04:00,2025-04-11,AAPL,185.46579368960585,198.85997858079665,185.42592149027786,197.47471618652344,197.47471618652344,87435900,0.0,0.0,Apple Inc.
2025-04-14 00:00:00-04:00,2025-04-14,AAPL,210.71943358737073,212.21432171985006,200.4744681359889,201.829833984375,201.829833984375,101352900,0.0,0.0,Apple Inc.
2025-04-15 00:00:00-04:00,2025-04-15,AAPL,201.1720967653651,202.81646776904176,199.11911932089467,201.45114135742188,201.45114135742188,51343900,0.0,0.0,Apple Inc.
2025-04-16 00:00:00-04:00,2025-04-16,AAPL,197.68401406478426,200.01603598224625,191.71442177543545,193.6079559326172,193.6079559326172,59732400,0.0,0.0,Apple Inc.
2025-04-17 00:00:00-04:00,2025-04-17,AAPL,196.5279673080365,198.15241736523095,193.75744237056688,196.3087158203125,196.3087158203125,52164700,0.0,0.0,Apple Inc.
2025-04-21 00:00:00-04:00,2025-04-21,AAPL,192.61134997705832,193.13954254760668,189.16313478921086,192.50172424316406,192.50172424316406,46742500,0.0,0.0,Apple Inc.
2025-04-22 00:00:00-04:00,2025-04-22,AAPL,195.45165216386687,200.9030125684292,195.3021694205859,199.059326171875,199.059326171875,52976400,0.0,0.0,Apple Inc.
2025-04-23 00:00:00-04:00,2025-04-23,AAPL,205.29797863560773,207.29116289420588,202.10888686320854,203.9027557373047,203.9027557373047,52929200,0.0,0.0,Apple Inc.
2025-04-24 00:00:00-04:00,2025-04-24,AAPL,204.1917605029567,208.11833592046503,202.248408894664,207.65989685058594,207.65989685058594,47311000,0.0,0.0,Apple Inc.
2025-04-25 00:00:00-04:00,2025-04-25,AAPL,205.66671618569228,209.0352025034097,205.49729734578435,208.56680297851562,208.56680297851562,38222300,0.0,0.0,Apple Inc.
2025-04-28 00:00:00-04:00,2025-04-28,AAPL,209.2843516085664,210.77923983434187,206.7530142372406,209.4238739013672,209.4238739013672,38743100,0.0,0.0,Apple Inc.
2025-04-29 00:00:00-04:00,2025-04-29,AAPL,207.97880282615472,211.51670773820763,207.65988606249564,210.49021911621094,210.49021911621094,36827600,0.0,0.0,Apple Inc.
2025-04-30 00:00:00-04:00,2025-04-30,AAPL,208.58675630135352,212.85216981941505,205.96571387629956,211.77584838867188,211.77584838867188,52286500,0.0,0.0,Apple Inc.
2025-05-01 00:00:00-04:00,2025-05-01,AAPL,208.3674918385056,213.82881264887993,208.18809734114114,212.59304809570312,212.59304809570312,57365700,0.0,0.0,Apple Inc.
2025-05-02 00:00:00-04:00,2025-05-02,AAPL,205.38767599056177,206.28461806468735,201.4710760745947,204.65020751953125,204.65020751953125,101010600,0.0,0.0,Apple Inc.
2025-05-05 00:00:00-04:00,2025-05-05,AAPL,202.40787903175757,203.4044712176219,197.5345438511527,198.21221923828125,198.21221923828125,69018500,0.0,0.0,Apple Inc.
2025-05-06 00:00:00-04:00,2025-05-06,AAPL,197.5345306234426,199.96620262041338,196.34858356859348,197.83349609375,197.83349609375,51216500,0.0,0.0,Apple Inc.
2025-05-07 00:00:00-04:00,2025-05-07,AAPL,198.49125449640593,198.7603386318323,192.59143085844198,195.58120727539062,195.58120727539062,68536700,0.0,0.0,Apple Inc.
2025-05-08 00:00:00-04:00,2025-05-08,AAPL,197.04619801698016,199.3682595147921,194.0165494128041,196.81698608398438,196.81698608398438,50478900,0.0,0.0,Apple Inc.
2025-05-09 00:00:00-04:00,2025-05-09,AAPL,198.32183886048443,199.85658408831688,196.86680762308345,197.8534393310547,197.8534393310547,36453900,0.0,0.0,Apple Inc.
2025-05-12 00:00:00-04:00,2025-05-12,AAPL,210.52675192915717,210.82612467262763,206.31561695740214,210.3471221923828,210.3471221923828,63775800,0.26,0.0,Apple Inc.
2025-05-13 00:00:00-04:00,2025-05-13,AAPL,209.98788789546765,212.95164926547025,208.56089957562318,212.48263549804688,212.48263549804688,51909300,0.0,0.0,Apple Inc.
2025-05-14 00:00:00-04:00,2025-05-14,AAPL,211.98369190366654,213.49052924285678,210.1375877621875,211.8839111328125,211.8839111328125,49325800,0.0,0.0,Apple Inc.
2025-05-15 00:00:00-04:00,2025-05-15,AAPL,210.506803034962,212.51258988469863,209.0997617101353,211.00575256347656,211.00575256347656,45029500,0.0,0.0,Apple Inc.
2025-05-16 00:00:00-04:00,2025-05-16,AAPL,211.9138418912236,212.12340739052024,209.3292870180407,210.81614685058594,210.81614685058594,54737900,0.0,0.0,Apple Inc.
2025-05-19 00:00:00-04:00,2025-05-19,AAPL,207.47318710280226,209.0398806327114,203.83084657536088,208.3413543701172,208.3413543701172,46140500,0.0,0.0,Apple Inc.
2025-05-20 00:00:00-04:00,2025-05-20,AAPL,207.23369558110693,208.03201787298204,204.5992426766309,206.42539978027344,206.42539978027344,42496600,0.0,0.0,Apple Inc.
2025-05-21 00:00:00-04:00,2025-05-21,AAPL,204.7389515122616,206.6050179110669,200.2883301620853,201.66542053222656,201.66542053222656,59211800,0.0,0.0,Apple Inc.
2025-05-22 00:00:00-04:00,2025-05-22,AAPL,200.28832240028711,202.32402973584547,199.28043462788855,200.93695068359375,200.93695068359375,46742400,0.0,0.0,Apple Inc.
2025-05-23 00:00:00-04:00,2025-05-23,AAPL,193.2630967266574,197.28462846236872,193.05354646446796,194.8597412109375,194.8597412109375,78432900,0.0,0.0,Apple Inc.
2025-05-27 00:00:00-04:00,2025-05-27,AAPL,197.88337691051132,200.31825293342968,197.01519441683536,199.78936767578125,199.78936767578125,56288500,0.0,0.0,Apple Inc.
2025-05-28 00:00:00-04:00,2025-05-28,AAPL,200.16857290124128,202.3040763244224,199.48002009942556,199.99893188476562,199.99893188476562,45339700,0.0,0.0,Apple Inc.
2025-05-29 00:00:00-04:00,2025-05-29,AAPL,203.15228556391767,203.38179807643976,198.09293019267844,199.5299072265625,199.5299072265625,51396800,0.0,0.0,Apple Inc.
2025-05-30 00:00:00-04:00,2025-05-30,AAPL,198.95112277889336,201.53569281345096,196.36656797106642,200.4280242919922,200.4280242919922,70819900,0.0,0.0,Apple Inc.
2025-06-02 00:00:00-04:00,2025-06-02,AAPL,199.85921507319503,201.70533435611304,199.69954757512772,201.27622985839844,201.27622985839844,35423300,0.0,0.0,Apple Inc.
2025-06-03 00:00:00-04:00,2025-06-03,AAPL,200.92697696252267,203.34189080211323,200.53779694760377,202.8429412841797,202.8429412841797,46381600,0.0,0.0,Apple Inc.
2025-06-04 00:00:00-04:00,2025-06-04,AAPL,202.4836823743862,205.80668775064265,201.67538665008354,202.3938751220703,202.3938751220703,43604000,0.0,0.0,Apple Inc.
2025-06-05 00:00:00-04:00,2025-06-05,AAPL,203.07244608657666,204.3198198340372,199.72947835269025,200.20848083496094,200.20848083496094,55126100,0.0,0.0,Apple Inc.
2025-06-06 00:00:00-04:00,2025-06-06,AAPL,202.57349663849442,205.26782088834017,201.62549563553227,203.49156188964844,203.49156188964844,46607700,0.0,0.0,Apple Inc.
2025-06-09 00:00:00-04:00,2025-06-09,AAPL,203.96057412654167,205.56719211084615,199.59976040917107,201.02674865722656,201.02674865722656,72862600,0.0,0.0,Apple Inc.
2025-06-10 00:00:00-04:00,2025-06-10,AAPL,200.17855851367187,203.92068000712237,200.14862275986277,202.24420166015625,202.24420166015625,54672600,0.0,0.0,Apple Inc.
2025-06-11 00:00:00-04:00,2025-06-11,AAPL,203.0724503091444,204.07034932786254,197.99314795828434,198.36236572265625,198.36236572265625,60989900,0.0,0.0,Apple Inc.
2025-06-12 00:00:00-04:00,2025-06-12,AAPL,198.66173587371065,199.26046614106752,196.94534836583952,198.78147888183594,198.78147888183594,43904600,0.0,0.0,Apple Inc.
2025-06-13 00:00:00-04:00,2025-06-13,AAPL,199.3103695725812,199.9490243445518,195.2888376882346,196.03726196289062,196.03726196289062,51447300,0.0,0.0,Apple Inc.
2025-06-16 00:00:00-04:00,2025-06-16,AAPL,196.8854859861783,198.27256505925683,196.1470352061455,198.0031280517578,198.0031280517578,43020700,0.0,0.0,Apple Inc.
2025-06-17 00:00:00-04:00,2025-06-17,AAPL,196.78567812068002,197.97318035709665,194.79986887227625,195.2289581298828,195.2289581298828,38856200,0.0,0.0,Apple Inc.
2025-06-18 00:00:00-04:00,2025-06-18,AAPL,195.52833742048526,197.15491770400297,194.66017014117494,196.1669921875,196.1669921875,45394700,0.0,0.0,Apple Inc.
2025-06-20 00:00:00-04:00,2025-06-20,AAPL,197.82351706190548,201.27623931614946,196.44641147314488,200.5777130126953,200.5777130126953,96813500,0.0,0.0,Apple Inc.
2025-06-23 00:00:00-04:00,2025-06-23,AAPL,201.20637663769034,201.87496712850407,198.54198818263384,201.07664489746094,201.07664489746094,55814300,0.0,0.0,Apple Inc.
2025-06-24 00:00:00-04:00,2025-06-24,AAPL,202.16436301176623,203.0125832870988,199.77938491343542,199.87918090820312,199.87918090820312,54064000,0.0,0.0,Apple Inc.
2025-06-25 00:00:00-04:00,2025-06-25,AAPL,201.02675088646447,203.24208788881052,200.19849288768373,201.1365203857422,201.1365203857422,39525700,0.0,0.0,Apple Inc.
2025-06-26 00:00:00-04:00,2025-06-26,AAPL,201.00680230384165,202.2142668779585,199.04095514509618,200.5777130126953,200.5777130126953,50799100,0.0,0.0,Apple Inc.
2025-06-27 00:00:00-04:00,2025-06-27,AAPL,201.46584280819525,202.79305039965564,199.57981417332658,200.6575469970703,200.6575469970703,73188600,0.0,0.0,Apple Inc.
2025-06-30 00:00:00-04:00,2025-06-30,AAPL,201.58557286233471,206.95427439094752,198.84135059390303,204.7389373779297,204.7389373779297,91912800,0.0,0.0,Apple Inc.
2025-07-01 00:00:00-04:00,2025-07-01,AAPL,206.23578409144605,209.74839282792448,205.70689884063935,207.3833770751953,207.3833770751953,78788900,0.0,0.0,Apple Inc.
2025-07-02 00:00:00-04:00,2025-07-02,AAPL,208.47108532398713,212.8917706186518,207.7026988246806,211.99366760253906,211.99366760253906,67941800,0.0,0.0,Apple Inc.
2025-07-03 00:00:00-04:00,2025-07-03,AAPL,211.70426588787655,214.1990133776075,211.3649838836884,213.10133361816406,213.10133361816406,34955800,0.0,0.0,Apple Inc.
2025-07-07 00:00:00-04:00,2025-07-07,AAPL,212.23315593085263,215.77570049162512,208.36131809352125,209.50889587402344,209.50889587402344,50229000,0.0,0.0,Apple Inc.
2025-07-08 00:00:00-04:00,2025-07-08,AAPL,209.658593847986,210.98578616820197,208.01205130024096,209.5687713623047,209.5687713623047,42848900,0.0,0.0,Apple Inc.
2025-07-09 00:00:00-04:00,2025-07-09,AAPL,209.0897778625777,210.8859991217609,206.78463359109693,210.69639587402344,210.69639587402344,48749400,0.0,0.0,Apple Inc.
2025-07-10 00:00:00-04:00,2025-07-10,AAPL,210.06772774811225,213.03148920420767,209.58874045798783,211.9637451171875,211.9637451171875,44443600,0.0,0.0,Apple Inc.
2025-07-11 00:00:00-04:00,2025-07-11,AAPL,210.12759762046792,211.68431760849728,209.41908263784933,210.7163543701172,210.7163543701172,39765800,0.0,0.0,Apple Inc.
2025-07-14 00:00:00-04:00,2025-07-14,AAPL,209.48893166698292,210.46688365912564,207.10395364435493,208.1816864013672,208.1816864013672,38840100,0.0,0.0,Apple Inc.
2025-07-15 00:00:00-04:00,2025-07-15,AAPL,208.7804390594974,211.44482767792792,208.48106630115817,208.67066955566406,208.67066955566406,42296300,0.0,0.0,Apple Inc.
2025-07-16 00:00:00-04:00,2025-07-16,AAPL,209.85816533566302,211.9537441254909,208.20164932080104,209.7184600830078,209.7184600830078,47490500,0.0,0.0,Apple Inc.
2025-07-17 00:00:00-04:00,2025-07-17,AAPL,210.12759810142074,211.3550095983717,209.14964612579556,209.57875061035156,209.57875061035156,48068100,0.0,0.0,Apple Inc.
2025-07-18 00:00:00-04:00,2025-07-18,AAPL,210.42696659875526,211.34503189230253,209.25942654413325,210.73631286621094,210.73631286621094,48974600,0.0,0.0,Apple Inc.
2025-07-21 00:00:00-04:00,2025-07-21,AAPL,211.65439331220318,215.32665448510335,211.18537954340883,212.03358459472656,212.03358459472656,51377400,0.0,0.0,Apple Inc.
2025-07-22 00:00:00-04:00,2025-07-22,AAPL,212.69219192810166,214.49838667908332,211.78410018506472,213.9495391845703,213.9495391845703,46404100,0.0,0.0,Apple Inc.
2025-07-23 00:00:00-04:00,2025-07-23,AAPL,214.54829351654996,214.69797228179937,211.9637386583707,213.7000732421875,213.7000732421875,46989300,0.0,0.0,Apple Inc.
2025-07-24 00:00:00-04:00,2025-07-24,AAPL,213.45060308663847,215.23685093304425,213.08138530657155,213.31089782714844,213.31089782714844,46022600,0.0,0.0,Apple Inc.
2025-07-25 00:00:00-04:00,2025-07-25,AAPL,214.24891808809048,214.7877920897316,212.95164630742312,213.43064880371094,213.43064880371094,40268800,0.0,0.0,Apple Inc.
2025-07-28 00:00:00-04:00,2025-07-28,AAPL,213.5803337758995,214.39861831079742,212.61237047326716,213.6002960205078,213.6002960205078,37858000,0.0,0.0,Apple Inc.
2025-07-29 00:00:00-04:00,2025-07-29,AAPL,213.73000061776605,214.3586818606333,210.37707459375494,210.8261260986328,210.8261260986328,51411700,0.0,0.0,Apple Inc.
2025-07-30 00:00:00-04:00,2025-07-30,AAPL,211.454797150492,211.94377315400357,207.28358653790625,208.6107940673828,208.6107940673828,45512500,0.0,0.0,Apple Inc.
2025-07-31 00:00:00-04:00,2025-07-31,AAPL,208.0519764228089,209.39913099136336,206.72476887181696,207.1339111328125,207.1339111328125,80698400,0.0,0.0,Apple Inc.
2025-08-01 00:00:00-04:00,2025-08-01,AAPL,210.4269561886582,213.13126916468397,201.07664747870345,201.95480346679688,201.95480346679688,104434500,0.0,0.0,Apple Inc.
2025-08-04 00:00:00-04:00,2025-08-04,AAPL,204.0803265791815,207.44325668811337,201.25627047720934,202.9227752685547,202.9227752685547,75109300,0.0,0.0,Apple Inc.
2025-08-05 00:00:00-04:00,2025-08-05,AAPL,202.97265486934364,204.90858140720596,201.73526982787092,202.49366760253906,202.49366760253906,44155100,0.0,0.0,Apple Inc.
2025-08-06 00:00:00-04:00,2025-08-06,AAPL,205.1979708684584,214.9274858636443,205.15804638253505,212.8019561767578,212.8019561767578,108483100,0.0,0.0,Apple Inc.
2025-08-07 00:00:00-04:00,2025-08-07,AAPL,218.42014073215765,220.38600300495352,216.12496995802366,219.56771850585938,219.56771850585938,90224800,0.0,0.0,Apple Inc.
2025-08-08 00:00:00-04:00,2025-08-08,AAPL,220.36603010589778,230.51466074526758,218.78934791515115,228.86813354492188,228.86813354492188,113854000,0.0,0.0,Apple Inc.
2025-08-11 00:00:00-04:00,2025-08-11,AAPL,227.6992650180531,229.33767612130436,224.54232171734583,226.95997619628906,226.95997619628906,61806100,0.26,0.0,Apple Inc.
2025-08-12 00:00:00-04:00,2025-08-12,AAPL,227.78917070894937,230.57647717809445,226.8500938879156,229.42758178710938,229.42758178710938,55626200,0.0,0.0,Apple Inc.
2025-08-13 00:00:00-04:00,2025-08-13,AAPL,230.8462285986664,234.77241529044048,230.2068337695816,233.10403442382812,233.10403442382812,69878500,0.0,0.0,Apple Inc.
2025-08-14 00:00:00-04:00,2025-08-14,AAPL,233.83332460758467,234.89229562265464,230.6264418350812,232.5545654296875,232.5545654296875,51916300,0.0,0.0,Apple Inc.
2025-08-15 00:00:00-04:00,2025-08-15,AAPL,233.77337703316005,234.0531046408583,229.11788646444978,231.36570739746094,231.36570739746094,56038700,0.0,0.0,Apple Inc.
2025-08-18 00:00:00-04:00,2025-08-18,AAPL,231.47561022214762,232.89423321308522,229.88715369469057,230.66639709472656,230.66639709472656,37476200,0.0,0.0,Apple Inc.
2025-08-19 00:00:00-04:00,2025-08-19,AAPL,231.05601964615855,232.64447617946885,229.1278960385577,230.3367156982422,230.3367156982422,39402600,0.0,0.0,Apple Inc.
2025-08-20 00:00:00-04:00,2025-08-20,AAPL,229.75726351111018,230.24679444121838,225.55134937034353,225.79110717773438,225.79110717773438,42263900,0.0,0.0,Apple Inc.
2025-08-21 00:00:00-04:00,2025-08-21,AAPL,226.05087353353895,226.30063142153253,223.56327948127884,224.68218994140625,224.68218994140625,30621200,0.0,0.0,Apple Inc.
2025-08-22 00:00:00-04:00,2025-08-22,AAPL,225.95095699429655,228.8681272027074,225.1916985271248,227.53941345214844,227.53941345214844,42477800,0.0,0.0,Apple Inc.
2025-08-25 00:00:00-04:00,2025-08-25,AAPL,226.26065308481304,229.07792927219558,226.01089520624416,226.94000244140625,226.94000244140625,30983100,0.0,0.0,Apple Inc.
2025-08-26 00:00:00-04:00,2025-08-26,AAPL,226.65028173376106,229.26775474756235,224.4724002828088,229.08792114257812,229.08792114257812,54575100,0.0,0.0,Apple Inc.
2025-08-27 00:00:00-04:00,2025-08-27,AAPL,228.38860049855515,230.676376013076,228.03893336267103,230.26678466796875,230.26678466796875,31259500,0.0,0.0,Apple Inc.
2025-08-28 00:00:00-04:00,2025-08-28,AAPL,230.59647266873003,233.18396075811214,229.11789497993007,232.33477783203125,232.33477783203125,38074700,0.0,0.0,Apple Inc.
2025-08-29 00:00:00-04:00,2025-08-29,AAPL,232.28481317583598,233.15398096397084,231.145917853049,231.91517639160156,231.91517639160156,39418400,0.0,0.0,Apple Inc.
2025-09-02 00:00:00-04:00,2025-09-02,AAPL,229.02798202980685,230.62643860177437,226.75019132336067,229.49752807617188,229.49752807617188,44075600,0.0,0.0,Apple Inc.
2025-09-03 00:00:00-04:00,2025-09-03,AAPL,236.98028515930878,238.6186963224971,234.133039090421,238.2390594482422,238.2390594482422,66427800,0.0,0.0,Apple Inc.
2025-09-04 00:00:00-04:00,2025-09-04,AAPL,238.21906152531412,239.66765417218173,236.51072617258424,239.5477752685547,239.5477752685547,47549400,0.0,0.0,Apple Inc.
2025-09-05 00:00:00-04:00,2025-09-05,AAPL,239.76756781945676,241.08629675958926,238.25903569310344,239.45787048339844,239.45787048339844,54870400,0.0,0.0,Apple Inc.
2025-09-08 00:00:00-04:00,2025-09-08,AAPL,239.06825064349684,239.91741830634814,236.11111057683257,237.64962768554688,237.64962768554688,48999500,0.0,0.0,Apple Inc.
2025-09-09 00:00:00-04:00,2025-09-09,AAPL,236.77047435136637,238.5487492683241,233.13400016518182,234.123046875,234.123046875,66313900,0.0,0.0,Apple Inc.
2025-09-10 00:00:00-04:00,2025-09-10,AAPL,231.96513778704139,232.19491077497392,225.73117543382176,226.5703582763672,226.5703582763672,83440800,0.0,0.0,Apple Inc.
2025-09-11 00:00:00-04:00,2025-09-11,AAPL,226.66027725307507,230.22681187017153,226.43048902665416,229.80722045898438,229.80722045898438,50208600,0.0,0.0,Apple Inc.
2025-09-12 00:00:00-04:00,2025-09-12,AAPL,228.9980136278554,234.28288383192944,228.79821036620638,233.84332275390625,233.84332275390625,55824200,0.0,0.0,Apple Inc.
2025-09-15 00:00:00-04:00,2025-09-15,AAPL,236.77047667310174,237.95932665324483,234.80238330570734,236.47076416015625,236.47076416015625,42699500,0.0,0.0,Apple Inc.
2025-09-16 00:00:00-04:00,2025-09-16,AAPL,236.9502954777413,240.98639147239973,236.09114297984144,237.9193572998047,237.9193572998047,63421100,0.0,0.0,Apple Inc.
2025-09-17 00:00:00-04:00,2025-09-17,AAPL,238.73857528095925,239.86748583209587,237.4997706474641,238.75856018066406,238.75856018066406,46508000,0.0,0.0,Apple Inc.
2025-09-18 00:00:00-04:00,2025-09-18,AAPL,239.737599946219,240.9664044724694,236.4208079152849,237.64962768554688,237.64962768554688,44249600,0.0,0.0,Apple Inc.
2025-09-19 00:00:00-04:00,2025-09-19,AAPL,240.99636870073516,246.06146581163878,239.9773675285625,245.26223754882812,245.26223754882812,163741300,0.0,0.0,Apple Inc.
2025-09-22 00:00:00-04:00,2025-09-22,AAPL,248.05953649140056,256.3914711896616,247.8797028858207,255.8319854736328,255.8319854736328,105517400,0.0,0.0,Apple Inc.
2025-09-23 00:00:00-04:00,2025-09-23,AAPL,255.63220171436936,257.0907792625319,253.33442606621003,254.18359375,254.18359375,60275200,0.0,0.0,Apple Inc.
2025-09-24 00:00:00-04:00,2025-09-24,AAPL,254.9728287261993,255.4923293909784,250.79686899703333,252.06564331054688,252.06564331054688,42303700,0.0,0.0,Apple Inc.
2025-09-25 00:00:00-04:00,2025-09-25,AAPL,252.96477212582877,256.9209435623003,251.466224879955,256.6212158203125,256.6212158203125,55202100,0.0,0.0,Apple Inc.
2025-09-26 00:00:00-04:00,2025-09-26,AAPL,253.8539172209246,257.3505275669758,253.5342198150173,255.2126007080078,255.2126007080078,46076300,0.0,0.0,Apple Inc.
2025-09-29 00:00:00-04:00,2025-09-29,AAPL,254.31347273152574,254.75304905914027,252.76497075706976,254.18359375,254.18359375,40127700,0.0,0.0,Apple Inc.
2025-09-30 00:00:00-04:00,2025-09-30,AAPL,254.61318058017173,255.67215158054225,252.8648753735947,254.38340759277344,254.38340759277344,37704300,0.0,0.0,Apple Inc.
2025-10-01 00:00:00-04:00,2025-10-01,AAPL,254.7929996074261,258.53938316103813,254.6831055272507,255.20260620117188,255.20260620117188,48713900,0.0,0.0,Apple Inc.
2025-10-02 00:00:00-04:00,2025-10-02,AAPL,256.33149581258533,257.9299523535748,253.9038565188199,256.8809814453125,256.8809814453125,42630200,0.0,0.0,Apple Inc.
2025-10-03 00:00:00-04:00,2025-10-03,AAPL,254.42336451804394,258.9889308017334,253.70406057825727,257.7701110839844,257.7701110839844,49155600,0.0,0.0,Apple Inc.
2025-10-06 00:00:00-04:00,2025-10-06,AAPL,257.7401350456914,258.819106172963,254.80299514816292,256.44140625,256.44140625,44664100,0.0,0.0,Apple Inc.
2025-10-07 00:00:00-04:00,2025-10-07,AAPL,256.56129542181253,257.15072039039774,255.18262697514498,256.23162841796875,256.23162841796875,31955800,0.0,0.0,Apple Inc.
2025-10-08 00:00:00-04:00,2025-10-08,AAPL,256.2715719294531,258.2696351050741,255.8619653198879,257.8100891113281,257.8100891113281,36496900,0.0,0.0,Apple Inc.
2025-10-09 00:00:00-04:00,2025-10-09,AAPL,257.5603136690899,257.75013209688524,252.8948383011137,253.79396057128906,253.79396057128906,38322000,0.0,0.0,Apple Inc.
2025-10-10 00:00:00-04:00,2025-10-10,AAPL,254.69310389004832,256.13171175032437,243.76369637579657,245.032470703125,245.032470703125,61999100,0.0,0.0,Apple Inc.
2025-10-13 00:00:00-04:00,2025-10-13,AAPL,249.13848619669534,249.44818352992385,245.32217845998096,247.42015075683594,247.42015075683594,38142900,0.0,0.0,Apple Inc.
2025-10-14 00:00:00-04:00,2025-10-14,AAPL,246.36117950382103,248.60900042906025,244.46301046499008,247.53004455566406,247.53004455566406,35478000,0.0,0.0,Apple Inc.
2025-10-15 00:00:00-04:00,2025-10-15,AAPL,249.24838988167792,251.5761352503302,247.2303418581919,249.09852600097656,249.09852600097656,33893600,0.0,0.0,Apple Inc.
2025-10-16 00:00:00-04:00,2025-10-16,AAPL,248.00958596667436,248.79881419551728,244.8926123625184,247.21035766601562,247.21035766601562,39777000,0.0,0.0,Apple Inc.
2025-10-17 00:00:00-04:00,2025-10-17,AAPL,247.77980070207627,253.13461023404025,247.03052706557392,252.045654296875,252.045654296875,49147000,0.0,0.0,Apple Inc.
2025-10-20 00:00:00-04:00,2025-10-20,AAPL,255.64218177653177,264.1239650925819,255.3824390623343,261.98602294921875,261.98602294921875,90483000,0.0,0.0,Apple Inc.
2025-10-21 00:00:00-04:00,2025-10-21,AAPL,261.6263807259345,265.03308188579996,261.5764108568555,262.5155029296875,262.5155029296875,46695900,0.0,0.0,Apple Inc.
2025-10-22 00:00:00-04:00,2025-10-22,AAPL,262.3956210979312,262.5954395959732,255.18261234613632,258.19970703125,258.19970703125,45015300,0.0,0.0,Apple Inc.
2025-10-23 00:00:00-04:00,2025-10-23,AAPL,259.68824995662277,260.36758405794774,257.76012648314656,259.3285827636719,259.3285827636719,32754900,0.0,0.0,Apple Inc.
2025-10-24 00:00:00-04:00,2025-10-24,AAPL,260.93706434715574,263.87421967110856,258.9290010880386,262.56549072265625,262.56549072265625,38253700,0.0,0.0,Apple Inc.
2025-10-27 00:00:00-04:00,2025-10-27,AAPL,264.6234656652487,268.8593494221352,264.3936774471076,268.5496520996094,268.5496520996094,44888200,0.0,0.0,Apple Inc.
2025-10-28 00:00:00-04:00,2025-10-28,AAPL,268.7294713644567,269.6286240979669,267.8902885694659,268.7394714355469,268.7394714355469,41534800,0.0,0.0,Apple Inc.
2025-10-29 00:00:00-04:00,2025-10-29,AAPL,269.01920560410514,271.1471476128123,266.85129379808274,269.4388122558594,269.4388122558594,51086700,0.0,0.0,Apple Inc.
2025-10-30 00:00:00-04:00,2025-10-30,AAPL,271.72657092903916,273.87451306817263,268.2199910571769,271.13714599609375,271.13714599609375,69886500,0.0,0.0,Apple Inc.
2025-10-31 00:00:00-04:00,2025-10-31,AAPL,276.721738255342,277.05143573891627,268.89933466249033,270.108154296875,270.108154296875,86167100,0.0,0.0,Apple Inc.
2025-11-03 00:00:00-05:00,2025-11-03,AAPL,270.15812755648943,270.5877038096653,265.9921525413924,268.7894287109375,268.7894287109375,50194600,0.0,0.0,Apple Inc.
2025-11-04 00:00:00-05:00,2025-11-04,AAPL,268.0701070960229,271.22705027239556,267.36080327265466,269.7784729003906,269.7784729003906,49274800,0.0,0.0,Apple Inc.
2025-11-05 00:00:00-05:00,2025-11-05,AAPL,268.3498399683747,271.43687417180433,266.67147434431234,269.8783874511719,269.8783874511719,43683100,0.0,0.0,Apple Inc.
2025-11-06 00:00:00-05:00,2025-11-06,AAPL,267.6305743388968,273.1352174017799,267.6305743388968,269.50872802734375,269.50872802734375,51204000,0.0,0.0,Apple Inc.
2025-11-07 00:00:00-05:00,2025-11-07,AAPL,269.5386899523433,272.02629915101613,266.51162568814635,268.2099914550781,268.2099914550781,48227400,0.0,0.0,Apple Inc.
2025-11-10 00:00:00-05:00,2025-11-10,AAPL,268.9599914550781,273.7300109863281,267.4599914550781,269.42999267578125,269.42999267578125,41312400,0.26,0.0,Apple Inc.
2025-11-11 00:00:00-05:00,2025-11-11,AAPL,269.80999755859375,275.9100036621094,269.79998779296875,275.25,275.25,46208300,0.0,0.0,Apple Inc.
2025-11-12 00:00:00-05:00,2025-11-12,AAPL,275.0,275.7300109863281,271.70001220703125,273.4700012207031,273.4700012207031,48398000,0.0,0.0,Apple Inc.
2025-11-13 00:00:00-05:00,2025-11-13,AAPL,274.1099853515625,276.70001220703125,272.0899963378906,272.95001220703125,272.95001220703125,49602800,0.0,0.0,Apple Inc.
2025-11-14 00:00:00-05:00,2025-11-14,AAPL,271.04998779296875,275.9599914550781,269.6000061035156,272.4100036621094,272.4100036621094,47431300,0.0,0.0,Apple Inc.
2025-11-17 00:00:00-05:00,2025-11-17,AAPL,268.82000732421875,270.489990234375,265.7300109863281,267.4599914550781,267.4599914550781,45018300,0.0,0.0,Apple Inc.
2025-11-18 00:00:00-05:00,2025-11-18,AAPL,269.989990234375,270.7099914550781,265.32000732421875,267.44000244140625,267.44000244140625,45677300,0.0,0.0,Apple Inc.
2025-11-19 00:00:00-05:00,2025-11-19,AAPL,265.5299987792969,272.2099914550781,265.5,268.55999755859375,268.55999755859375,40424500,0.0,0.0,Apple Inc.
2025-11-20 00:00:00-05:00,2025-11-20,AAPL,270.8299865722656,275.42999267578125,265.9200134277344,266.25,266.25,45823600,0.0,0.0,Apple Inc.
2025-11-21 00:00:00-05:00,2025-11-21,AAPL,265.95001220703125,273.3299865722656,265.6700134277344,271.489990234375,271.489990234375,59030800,0.0,0.0,Apple Inc.
2025-11-24 00:00:00-05:00,2025-11-24,AAPL,270.8999938964844,277.0,270.8999938964844,275.9200134277344,275.9200134277344,65585800,0.0,0.0,Apple Inc.
2025-11-25 00:00:00-05:00,2025-11-25,AAPL,275.2699890136719,280.3800048828125,275.25,276.9700012207031,276.9700012207031,46914200,0.0,0.0,Apple Inc.
2025-11-26 00:00:00-05:00,2025-11-26,AAPL,276.9599914550781,279.5299987792969,276.6300048828125,277.54998779296875,277.54998779296875,33431400,0.0,0.0,Apple Inc.
2025-11-28 00:00:00-05:00,2025-11-28,AAPL,277.260009765625,279.0,275.989990234375,278.8500061035156,278.8500061035156,20135600,0.0,0.0,Apple Inc.
2025-12-01 00:00:00-05:00,2025-12-01,AAPL,278.010009765625,283.4200134277344,276.1400146484375,283.1000061035156,283.1000061035156,46587700,0.0,0.0,Apple Inc.
2025-12-02 00:00:00-05:00,2025-12-02,AAPL,283.0,287.3999938964844,282.6300048828125,286.19000244140625,286.19000244140625,53669500,0.0,0.0,Apple Inc.
2025-12-03 00:00:00-05:00,2025-12-03,AAPL,286.20001220703125,288.6199951171875,283.29998779296875,284.1499938964844,284.1499938964844,43538700,0.0,0.0,Apple Inc.
2025-12-04 00:00:00-05:00,2025-12-04,AAPL,284.1000061035156,284.7300109863281,278.5899963378906,280.70001220703125,280.70001220703125,43989100,0.0,0.0,Apple Inc.
2025-12-05 00:00:00-05:00,2025-12-05,AAPL,280.5400085449219,281.1400146484375,278.04998779296875,278.7799987792969,278.7799987792969,47265800,0.0,0.0,Apple Inc.
2025-12-08 00:00:00-05:00,2025-12-08,AAPL,278.1300048828125,279.6700134277344,276.1499938964844,277.8900146484375,277.8900146484375,38211800,0.0,0.0,Apple Inc.
2025-12-09 00:00:00-05:00,2025-12-09,AAPL,278.1600036621094,280.0299987792969,276.9200134277344,277.17999267578125,277.17999267578125,32193300,0.0,0.0,Apple Inc.
2025-12-10 00:00:00-05:00,2025-12-10,AAPL,277.75,279.75,276.44000244140625,278.7799987792969,278.7799987792969,33038300,0.0,0.0,Apple Inc.
2025-12-11 00:00:00-05:00,2025-12-11,AAPL,279.1000061035156,279.5899963378906,273.80999755859375,278.0299987792969,278.0299987792969,33248000,0.0,0.0,Apple Inc.
2025-12-12 00:00:00-05:00,2025-12-12,AAPL,277.8999938964844,279.2200012207031,276.82000732421875,278.2799987792969,278.2799987792969,39532900,0.0,0.0,Apple Inc.
2025-12-15 00:00:00-05:00,2025-12-15,AAPL,280.1499938964844,280.1499938964844,272.8399963378906,274.1099853515625,274.1099853515625,50409100,0.0,0.0,Apple Inc.
2025-12-16 00:00:00-05:00,2025-12-16,AAPL,272.82000732421875,275.5,271.7900085449219,274.6099853515625,274.6099853515625,37648600,0.0,0.0,Apple Inc.
2025-12-17 00:00:00-05:00,2025-12-17,AAPL,275.010009765625,276.1600036621094,271.6400146484375,271.8399963378906,271.8399963378906,50138700,0.0,0.0,Apple Inc.
2025-12-18 00:00:00-05:00,2025-12-18,AAPL,273.6099853515625,273.6300048828125,266.95001220703125,272.19000244140625,272.19000244140625,51630700,0.0,0.0,Apple Inc.
2025-12-19 00:00:00-05:00,2025-12-19,AAPL,272.1499938964844,274.6000061035156,269.8999938964844,273.6700134277344,273.6700134277344,144632000,0.0,0.0,Apple Inc.
2025-12-22 00:00:00-05:00,2025-12-22,AAPL,272.8599853515625,273.8800048828125,270.510009765625,270.9700012207031,270.9700012207031,36571800,0.0,0.0,Apple Inc.
2025-12-23 00:00:00-05:00,2025-12-23,AAPL,270.8399963378906,272.5,269.55999755859375,272.3599853515625,272.3599853515625,29642000,0.0,0.0,Apple Inc.
2025-12-24 00:00:00-05:00,2025-12-24,AAPL,272.3399963378906,275.42999267578125,272.20001220703125,273.80999755859375,273.80999755859375,17910600,0.0,0.0,Apple Inc.
2025-12-26 00:00:00-05:00,2025-12-26,AAPL,274.1600036621094,275.3699951171875,272.8599853515625,273.3999938964844,273.3999938964844,21521800,0.0,0.0,Apple Inc.
2025-12-29 00:00:00-05:00,2025-12-29,AAPL,272.69000244140625,274.3599853515625,272.3500061035156,273.760009765625,273.760009765625,23715200,0.0,0.0,Apple Inc.
2025-12-30 00:00:00-05:00,2025-12-30,AAPL,272.80999755859375,274.0799865722656,272.2799987792969,273.0799865722656,273.0799865722656,22139600,0.0,0.0,Apple Inc.
2025-12-31 00:00:00-05:00,2025-12-31,AAPL,273.05999755859375,273.67999267578125,271.75,271.8599853515625,271.8599853515625,27293600,0.0,0.0,Apple Inc.
2026-01-02 00:00:00-05:00,2026-01-02,AAPL,272.260009765625,277.8399963378906,269.0,271.010009765625,271.010009765625,37838100,0.0,0.0,Apple Inc.
2026-01-05 00:00:00-05:00,2026-01-05,AAPL,270.6400146484375,271.510009765625,266.1400146484375,267.260009765625,267.260009765625,45647200,0.0,0.0,Apple Inc.
2026-01-06 00:00:00-05:00,2026-01-06,AAPL,267.0,267.54998779296875,262.1199951171875,262.3599853515625,262.3599853515625,52352100,0.0,0.0,Apple Inc.
2026-01-07 00:00:00-05:00,2026-01-07,AAPL,263.20001220703125,263.67999267578125,259.80999755859375,260.3299865722656,260.3299865722656,48309800,0.0,0.0,Apple Inc.
2026-01-08 00:00:00-05:00,2026-01-08,AAPL,257.0199890136719,259.2799987792969,255.6999969482422,259.0400085449219,259.0400085449219,50211734,0.0,0.0,Apple Inc.
