Instrument,Implied Volatility,Strike Price,Expiry Date,BID,ASK,CF_LAST,PUTCALLIND
NVDAB202619000.U,40.4573,190.0,2026-02-20,1.55,1.58,1.55,CALL
NVDAB202618000.U,43.4314,180.0,2026-02-20,4.55,4.6,4.55,CALL
NVDAN202618000.U,43.2729,180.0,2026-02-20,8.6,8.7,8.49,PUT 
NVDAB202618500.U,41.8484,185.0,2026-02-20,2.73,2.76,2.75,CALL
NVDAC202620000.U,45.9441,200.0,2026-03-20,3.75,3.85,3.8,CALL
NVDAN202619000.U,40.0605,190.0,2026-02-20,15.6,15.75,15.62,PUT 
NVDAN202618500.U,41.6623,185.0,2026-02-20,11.85,11.9,11.6,PUT 
NVDAN202617500.U,45.345,175.0,2026-02-20,6.1,6.2,6.15,PUT 
NVDAB202620000.U,39.1676,200.0,2026-02-20,0.47,0.48,0.48,CALL
NVDAC202619000.U,46.8102,190.0,2026-03-20,6.35,6.45,6.5,CALL
NVDAB202619500.U,39.5797,195.0,2026-02-20,0.84,0.86,0.85,CALL
NVDAN202617000.U,47.5911,170.0,2026-02-20,4.25,4.3,4.27,PUT 
NVDAB202617500.U,45.7049,175.0,2026-02-20,7.05,7.1,7.05,CALL
NVDAC202621000.U,45.6632,210.0,2026-03-20,2.19,2.21,2.22,CALL
NVDAC202619500.U,46.19,195.0,2026-03-20,4.9,5.0,4.99,CALL
NVDAB202617000.U,48.0027,170.0,2026-02-20,10.1,10.2,10.21,CALL
NVDAC202616000.U,52.4272,160.0,2026-03-20,21.95,22.05,22.15,CALL
NVDAB202618250.U,42.2808,182.5,2026-02-20,3.55,3.65,3.6,CALL
NVDAB202618750.U,40.6724,187.5,2026-02-20,2.08,2.1,2.11,CALL
NVDAO202616000.U,51.6395,160.0,2026-03-20,5.55,5.6,5.51,PUT 
NVDAN202617750.U,43.8512,177.5,2026-02-20,7.25,7.35,7.2,PUT 
NVDAB202621000.U,40.5149,210.0,2026-02-20,0.18,0.19,0.19,CALL
NVDAC202618500.U,47.2264,185.0,2026-03-20,8.1,8.15,8.25,CALL
NVDAO202619000.U,46.3426,190.0,2026-03-20,19.85,20.0,19.64,PUT 
NVDAO202618500.U,46.6171,185.0,2026-03-20,16.6,16.7,16.62,PUT 
NVDAO202618000.U,47.7253,180.0,2026-03-20,13.65,13.75,14.05,PUT 
NVDAO202617000.U,49.4533,170.0,2026-03-20,8.95,9.0,8.85,PUT 
NVDAN202618250.U,41.9569,182.5,2026-02-20,10.15,10.2,10.1,PUT 
NVDAB202619250.U,39.7243,192.5,2026-02-20,1.14,1.16,1.19,CALL
NVDAN202618750.U,40.2899,187.5,2026-02-20,13.6,13.75,14.95,PUT 
NVDAN202619500.U,39.0222,195.0,2026-02-20,19.9,20.05,19.75,PUT 
NVDAC202618000.U,48.2732,180.0,2026-03-20,10.2,10.25,10.3,CALL
NVDAB202617750.U,44.3384,177.5,2026-02-20,5.7,5.8,5.77,CALL
NVDAO202617500.U,48.2773,175.0,2026-03-20,11.15,11.25,11.15,PUT 
NVDAN062618250.U,48.256,182.5,2026-02-06,7.45,7.55,7.38,PUT 
NVDAB202617250.U,46.3983,172.5,2026-02-20,8.5,8.6,8.67,CALL
NVDAN202619250.U,39.3006,192.5,2026-02-20,17.7,17.85,18.46,PUT 
NVDAN202617250.U,46.0184,172.5,2026-02-20,5.1,5.15,5.05,PUT 
NVDAN062617250.U,56.7008,172.5,2026-02-06,1.86,1.88,1.87,PUT 
NVDAN062617750.U,52.6508,177.5,2026-02-06,3.95,4.05,4.0,PUT 
NVDAC202617500.U,48.7698,175.0,2026-03-20,12.65,12.7,12.76,CALL
NVDAB062617750.U,53.1157,177.5,2026-02-06,2.14,2.16,2.15,CALL
NVDAC202622000.U,45.7967,220.0,2026-03-20,1.26,1.28,1.28,CALL
NVDAN202616000.U,51.7686,160.0,2026-02-20,1.88,1.9,1.88,PUT 
NVDAB062617250.U,57.1795,172.5,2026-02-06,5.0,5.05,5.11,CALL
NVDAO202616500.U,50.4298,165.0,2026-03-20,7.1,7.15,7.17,PUT 
NVDAO202620000.U,45.2055,200.0,2026-03-20,27.25,27.45,27.75,PUT 
NVDAB062618250.U,48.6941,182.5,2026-02-06,0.64,0.66,0.65,CALL
NVDAC202617000.U,50.1516,170.0,2026-03-20,15.4,15.5,15.65,CALL
NVDAO202621000.U,41.3531,210.0,2026-03-20,35.7,35.9,36.38,PUT 
NVDAN062618750.U,45.9951,187.5,2026-02-06,11.95,12.05,11.85,PUT 
NVDAC202616500.U,51.1111,165.0,2026-03-20,18.55,18.6,18.7,CALL
NVDAO202619500.U,45.6414,195.0,2026-03-20,23.4,23.6,25.64,PUT 
NVDAB062618750.U,46.2972,187.5,2026-02-06,0.16,0.17,0.17,CALL
NVDAN202616750.U,48.154,167.5,2026-02-20,3.5,3.55,3.52,PUT 
NVDAB202616750.U,48.7791,167.5,2026-02-20,11.9,12.0,11.79,CALL
NVDAN202616500.U,49.5494,165.0,2026-02-20,2.85,2.88,2.85,PUT 
NVDAB202622000.U,43.3144,220.0,2026-02-20,0.09,0.1,0.09,CALL
NVDAE152619000.U,44.938,190.0,2026-05-15,11.55,11.65,11.51,CALL
NVDAB202616500.U,50.1302,165.0,2026-02-20,13.7,13.8,13.75,CALL
NVDAN062619250.U,46.0083,192.5,2026-02-06,16.9,17.0,17.0,PUT 
NVDAB062619250.U,46.4264,192.5,2026-02-06,0.06,0.07,0.06,CALL
NVDAQ152616000.U,47.4432,160.0,2026-05-15,9.35,9.45,9.4,PUT 
NVDAQ152619000.U,44.0796,190.0,2026-05-15,24.0,24.15,25.0,PUT 
NVDAB202616000.U,52.6617,160.0,2026-02-20,17.75,17.85,17.86,CALL
NVDAN202615000.U,58.0368,150.0,2026-02-20,0.81,0.83,0.8,PUT 
NVDAC202623000.U,46.395,230.0,2026-03-20,0.74,0.76,0.76,CALL
NVDAE152616000.U,48.3602,160.0,2026-05-15,26.75,26.85,26.82,CALL
NVDAB202619750.U,39.3703,197.5,2026-02-20,0.62,0.64,0.64,CALL
NVDAE152621000.U,43.8446,210.0,2026-05-15,5.95,6.05,5.97,CALL
NVDAQ152617000.U,46.1453,170.0,2026-05-15,13.2,13.3,13.18,PUT 
NVDAN202615500.U,54.5015,155.0,2026-02-20,1.23,1.25,1.25,PUT 
NVDAN202620000.U,39.0087,200.0,2026-02-20,24.6,24.75,24.5,PUT 
NVDAN202619750.U,38.8245,197.5,2026-02-20,22.2,22.35,23.3,PUT 
NVDAO202615000.U,54.2576,150.0,2026-03-20,3.2,3.3,3.25,PUT 
NVDAQ152619500.U,43.7982,195.0,2026-05-15,27.3,27.45,28.0,PUT 
NVDAE152619500.U,44.6629,195.0,2026-05-15,9.85,9.95,9.9,CALL
NVDAE152620000.U,44.1418,200.0,2026-05-15,8.35,8.45,8.3,CALL
NVDAQ152621000.U,42.9474,210.0,2026-05-15,38.5,38.7,41.34,PUT 
NVDAQ152618500.U,44.4148,185.0,2026-05-15,20.9,21.05,21.06,PUT 
NVDAQ152616500.U,46.7459,165.0,2026-05-15,11.15,11.25,11.65,PUT 
NVDAE152617000.U,46.9766,170.0,2026-05-15,20.7,20.8,20.85,CALL
NVDAE152618000.U,46.1145,180.0,2026-05-15,15.65,15.75,15.53,CALL
NVDAO202622000.U,44.4387,220.0,2026-03-20,44.9,45.1,46.25,PUT 
NVDAO202615500.U,53.1753,155.0,2026-03-20,4.25,4.3,4.25,PUT 
NVDAQ152617500.U,45.3452,175.0,2026-05-15,15.5,15.65,15.66,PUT 
NVDAE152616500.U,47.6545,165.0,2026-05-15,23.6,23.7,23.55,CALL
NVDAE152617500.U,46.1265,175.0,2026-05-15,18.05,18.15,18.2,CALL
NVDAQ152618000.U,45.2543,180.0,2026-05-15,18.05,18.2,18.55,PUT 
NVDAN202621000.U,44.9305,210.0,2026-02-20,34.35,34.5,35.04,PUT 
NVDAQ152620000.U,43.3051,200.0,2026-05-15,30.8,31.0,32.69,PUT 
NVDAE152618500.U,45.2019,185.0,2026-05-15,13.45,13.55,13.49,CALL
NVDAN202614500.U,61.144,145.0,2026-02-20,0.55,0.57,0.61,PUT 
NVDAO202614500.U,55.9785,145.0,2026-03-20,2.43,2.46,2.4,PUT 
NVDAN202614000.U,64.9963,140.0,2026-02-20,0.39,0.4,0.38,PUT 
NVDAC202615500.U,57.0164,155.0,2026-03-20,25.6,25.8,25.76,CALL
NVDAB202615500.U,47.9183,155.0,2026-02-20,22.05,22.2,21.38,CALL
NVDAN062616750.U,61.2282,167.5,2026-02-06,0.78,0.79,0.77,PUT 
NVDAC202615000.U,55.2186,150.0,2026-03-20,29.6,29.75,29.6,CALL
NVDAA152716000.U,48.9622,160.0,2027-01-15,42.25,42.55,42.41,CALL
NVDAO202614000.U,57.3026,140.0,2026-03-20,1.8,1.82,1.89,PUT 
NVDAE152622000.U,43.9197,220.0,2026-05-15,4.25,4.3,4.25,CALL
NVDAA152720000.U,46.8175,200.0,2027-01-15,24.9,25.1,25.15,CALL
NVDAB202614500.U,60.8999,145.0,2026-02-20,31.35,31.5,31.23,CALL
NVDAB202615000.U,55.1894,150.0,2026-02-20,26.65,26.8,26.28,CALL
NVDAA152718000.U,47.9081,180.0,2027-01-15,32.6,32.8,32.7,CALL
NVDAF182618100.U,47.1718,181.0,2026-06-18,18.55,18.65,18.15,CALL
NVDAO202611000.U,71.2999,110.0,2026-03-20,0.31,0.33,0.33,PUT 
NVDAB062616750.U,61.793,167.5,2026-02-06,8.9,8.95,9.0,CALL
NVDAR182618100.U,46.0942,181.0,2026-06-18,21.35,21.45,19.6,PUT 
NVDAO202613500.U,59.2917,135.0,2026-03-20,1.33,1.35,1.36,PUT 
NVDAB202620250.U,39.2091,202.5,2026-02-20,0.36,0.37,0.36,CALL
NVDAF182618300.U,46.8272,183.0,2026-06-18,17.7,17.8,17.8,CALL
NVDAQ152622000.U,43.2149,220.0,2026-05-15,46.5,47.2,47.9,PUT 
NVDAB062619750.U,49.0467,197.5,2026-02-06,0.03,0.04,0.04,CALL
NVDAN062619750.U,48.6917,197.5,2026-02-06,21.9,22.0,22.83,PUT 
NVDAN202620250.U,46.2764,202.5,2026-02-20,27.0,27.15,28.6,PUT 
NVDAN202622000.U,44.9907,220.0,2026-02-20,44.4,44.5,46.47,PUT 
NVDAC202624000.U,47.6048,240.0,2026-03-20,0.46,0.47,0.47,CALL
NVDAF182619000.U,46.1671,190.0,2026-06-18,14.85,15.0,14.85,CALL
NVDAQ152615500.U,48.5108,155.0,2026-05-15,7.75,7.85,8.55,PUT 
NVDAN202613500.U,69.1069,135.0,2026-02-20,0.28,0.29,0.29,PUT 
NVDAF182618400.U,46.7144,184.0,2026-06-18,17.25,17.35,17.45,CALL
NVDAR182618300.U,45.799,183.0,2026-06-18,22.45,22.6,24.5,PUT 
NVDAR182619000.U,45.1607,190.0,2026-06-18,26.6,26.75,27.08,PUT 
NVDAR182618400.U,45.6522,184.0,2026-06-18,23.0,23.15,21.95,PUT 
NVDAE152615500.U,49.7405,155.0,2026-05-15,30.1,30.25,30.35,CALL
NVDAB202620500.U,39.5175,205.0,2026-02-20,0.28,0.29,0.28,CALL
NVDAR182618200.U,45.9467,182.0,2026-06-18,21.9,22.05,22.75,PUT 
NVDAN202620500.U,43.278,205.0,2026-02-20,29.45,29.6,30.9,PUT 
NVDAF182618200.U,47.0569,182.0,2026-06-18,18.1,18.25,16.65,CALL
NVDAH212619000.U,45.7365,190.0,2026-08-21,19.25,19.4,19.0,CALL
NVDAN202612500.U,77.4489,125.0,2026-02-20,0.14,0.15,0.16,PUT 
NVDAF182618000.U,47.3788,180.0,2026-06-18,19.05,19.15,19.25,CALL
NVDAC202614500.U,57.1977,145.0,2026-03-20,33.8,33.9,33.95,CALL
NVDAB202623000.U,46.9686,230.0,2026-02-20,0.05,0.06,0.05,CALL
NVDAA302609000.U,851.3641,90.0,2026-01-30,,,,CALL
NVDAG172619000.U,45.6263,190.0,2026-07-17,16.8,16.9,16.96,CALL
NVDAT212619000.U,44.5033,190.0,2026-08-21,29.8,29.95,30.8,PUT 
NVDAS172619000.U,44.639,190.0,2026-07-17,28.05,28.2,28.3,PUT 
NVDAA152719000.U,46.9845,190.0,2027-01-15,28.5,28.7,28.75,CALL
NVDAN202613000.U,73.8336,130.0,2026-02-20,0.2,0.21,0.22,PUT 
NVDAO202608000.U,92.1769,80.0,2026-03-20,0.07,0.08,0.09,PUT 
NVDAI182619000.U,46.3661,190.0,2026-09-18,21.4,21.55,21.37,CALL
NVDAA302611000.U,650.8231,110.0,2026-01-30,,,,CALL
NVDAM302607500.U,707.841,75.0,2026-01-30,,,,PUT
NVDAM152719000.U,45.2158,190.0,2027-01-15,36.35,36.6,36.85,PUT 
NVDAN202612000.U,82.7811,120.0,2026-02-20,0.1,0.11,0.11,PUT 
NVDAM152716000.U,47.0058,160.0,2027-01-15,20.75,20.95,20.8,PUT 
NVDAB202613500.U,54.2302,135.0,2026-02-20,41.05,41.2,38.25,CALL
NVDAR182618500.U,45.5624,185.0,2026-06-18,23.6,23.75,23.72,PUT 
NVDAC202625000.U,48.4683,250.0,2026-03-20,0.3,0.31,0.31,CALL
NVDAF182618500.U,46.6024,185.0,2026-06-18,16.85,17.0,16.95,CALL
NVDAR182618600.U,45.4155,186.0,2026-06-18,24.2,24.35,24.05,PUT 
NVDAM302609500.U,538.6125,95.0,2026-01-30,,,,PUT
NVDAN202620750.U,38.6179,207.5,2026-02-20,31.95,32.05,33.5,PUT 
NVDAF182618600.U,46.4912,186.0,2026-06-18,16.45,16.55,15.23,CALL
NVDAB202613000.U,71.3167,130.0,2026-02-20,46.0,46.1,44.35,CALL
NVDAA302609500.U,814.6601,95.0,2026-01-30,,,,CALL
NVDAB202614000.U,62.1011,140.0,2026-02-20,36.2,36.35,34.0,CALL
NVDAI182621000.U,45.6269,210.0,2026-09-18,14.85,14.95,14.9,CALL
NVDAB202620750.U,39.7447,207.5,2026-02-20,0.22,0.23,0.23,CALL
NVDAA302607000.U,939.2251,70.0,2026-01-30,,,,CALL
NVDAU182619000.U,45.027,190.0,2026-09-18,31.4,31.6,32.1,PUT 
NVDAM302607000.U,757.4155,70.0,2026-01-30,,,,PUT
NVDAL182619000.U,46.9395,190.0,2026-12-18,27.0,27.15,26.96,CALL
NVDAM152721000.U,44.6449,210.0,2027-01-15,49.3,49.6,50.2,PUT 
NVDAB202611500.U,98.5421,115.0,2026-02-20,60.85,60.95,59.3,CALL
NVDAI182616000.U,48.7024,160.0,2026-09-18,35.7,35.9,35.45,CALL
NVDAR182618000.U,46.2445,180.0,2026-06-18,20.8,20.9,21.17,PUT 
NVDAF182618800.U,46.3848,188.0,2026-06-18,15.6,15.75,15.58,CALL
NVDAH212621000.U,44.9307,210.0,2026-08-21,12.8,12.95,12.72,CALL
NVDAT212616000.U,46.6945,160.0,2026-08-21,14.65,14.75,14.8,PUT 
NVDAF172719000.U,47.8225,190.0,2027-06-17,36.45,36.7,36.17,CALL
NVDAS172621000.U,43.9111,210.0,2026-07-17,41.8,41.95,38.78,PUT 
NVDAB202624000.U,51.2907,240.0,2026-02-20,0.03,0.04,0.03,CALL
NVDAB202611000.U,101.0596,110.0,2026-02-20,65.8,65.95,65.82,CALL
NVDAF182618900.U,46.2755,189.0,2026-06-18,15.25,15.35,14.39,CALL
NVDAB202612000.U,81.9505,120.0,2026-02-20,55.85,56.0,55.92,CALL
NVDAH212618000.U,46.6848,180.0,2026-08-21,23.35,23.5,23.42,CALL
NVDAG172619500.U,45.7085,195.0,2026-07-17,15.0,15.1,14.89,CALL
NVDAB202621500.U,41.6931,215.0,2026-02-20,0.12,0.13,0.13,CALL
NVDAB202612500.U,58.8415,125.0,2026-02-20,50.9,51.05,50.39,CALL
NVDAG172621000.U,44.9391,210.0,2026-07-17,10.6,10.65,10.7,CALL
NVDAA152721000.U,46.4885,210.0,2027-01-15,21.75,21.9,21.95,CALL
NVDAN202611500.U,87.1252,115.0,2026-02-20,0.08,0.09,0.11,PUT 
NVDAR172719000.U,45.6738,190.0,2027-06-17,41.6,41.9,43.5,PUT 
NVDAB202622500.U,45.2441,225.0,2026-02-20,0.06,0.07,0.07,CALL
NVDAR182615000.U,49.4566,150.0,2026-06-18,8.45,8.55,8.42,PUT 
NVDAF182617500.U,47.4338,175.0,2026-06-18,21.4,21.5,21.62,CALL
NVDAL172720000.U,48.2033,200.0,2027-12-17,41.0,41.35,40.71,CALL
NVDAN202610000.U,104.4949,100.0,2026-02-20,0.04,0.05,0.05,PUT 
NVDAF182620000.U,45.6576,200.0,2026-06-18,11.5,11.6,11.55,CALL
NVDAB202621250.U,40.7218,212.5,2026-02-20,0.15,0.16,0.16,CALL
NVDAR182618700.U,45.326,187.0,2026-06-18,24.75,24.9,26.95,PUT 
NVDAX182619000.U,45.258,190.0,2026-12-18,35.35,35.6,36.85,PUT 
NVDAU182621000.U,44.291,210.0,2026-09-18,44.7,44.95,42.0,PUT 
NVDAB202625000.U,53.7026,250.0,2026-02-20,0.01,0.03,0.02,CALL
NVDAO202612000.U,65.6643,120.0,2026-03-20,0.55,0.56,0.56,PUT 
NVDAH212616000.U,48.0865,160.0,2026-08-21,33.75,33.9,32.58,CALL
NVDAN202622500.U,59.531,225.0,2026-02-20,49.35,49.5,44.65,PUT 
NVDAG172618000.U,46.7602,180.0,2026-07-17,20.95,21.05,21.0,CALL
NVDAT212617500.U,45.4119,175.0,2026-08-21,21.4,21.55,21.75,PUT 
NVDAT212621000.U,43.7351,210.0,2026-08-21,43.3,43.5,44.8,PUT 
NVDAL182600050.U,290.1502,0.5,2026-12-18,173.85,175.25,173.7,CALL
NVDAR182618800.U,45.235,188.0,2026-06-18,25.35,25.55,26.4,PUT 
NVDAG172616000.U,48.2321,160.0,2026-07-17,31.55,31.65,30.96,CALL
NVDAN202623000.U,66.7066,230.0,2026-02-20,53.5,55.3,49.65,PUT 
NVDAB202610500.U,105.3982,105.0,2026-02-20,70.8,70.9,70.83,CALL
NVDAS172616000.U,46.9836,160.0,2026-07-17,13.05,13.15,13.2,PUT 
NVDAR182618900.U,45.1984,189.0,2026-06-18,26.0,26.15,27.05,PUT 
NVDAM152718000.U,46.0781,180.0,2027-01-15,30.6,30.85,31.04,PUT 
NVDAF182617800.U,47.3299,178.0,2026-06-18,20.0,20.05,20.0,CALL
NVDAO202613000.U,60.9719,130.0,2026-03-20,0.98,1.0,1.0,PUT 
NVDAO202612500.U,63.2225,125.0,2026-03-20,0.73,0.75,0.76,PUT 
NVDAT212618000.U,45.4457,180.0,2026-08-21,24.0,24.15,24.77,PUT 
NVDAB202610000.U,119.0569,100.0,2026-02-20,75.75,75.9,73.6,CALL
NVDAS172619500.U,44.6123,195.0,2026-07-17,31.25,31.4,31.6,PUT 
NVDAS172620000.U,44.1735,200.0,2026-07-17,34.55,34.75,35.2,PUT 
NVDAA152716500.U,48.3798,165.0,2027-01-15,39.65,39.9,39.76,CALL
NVDAR182617800.U,46.301,178.0,2026-06-18,19.75,19.85,20.0,PUT 
NVDAG172620000.U,45.2827,200.0,2026-07-17,13.35,13.5,13.45,CALL
NVDAC202612000.U,71.7684,120.0,2026-03-20,56.75,56.9,53.95,CALL
NVDAN202621250.U,47.0687,212.5,2026-02-20,36.9,37.05,38.33,PUT 
NVDAU182616000.U,47.1678,160.0,2026-09-18,16.1,16.25,16.32,PUT 
NVDAN202621500.U,43.8611,215.0,2026-02-20,39.35,39.45,42.72,PUT 
NVDAN202610500.U,97.9305,105.0,2026-02-20,0.04,0.06,0.04,PUT 
NVDAM152717500.U,46.0744,175.0,2027-01-15,27.95,28.1,28.96,PUT 
NVDAF182618700.U,46.3809,187.0,2026-06-18,16.05,16.15,15.65,CALL
NVDAO202623000.U,47.0024,230.0,2026-03-20,54.5,54.7,56.63,PUT 
NVDAN202609000.U,116.6493,90.0,2026-02-20,0.02,0.03,0.03,PUT 
NVDAS172618000.U,45.6144,180.0,2026-07-17,22.25,22.4,23.02,PUT 
NVDAM152717000.U,46.2297,170.0,2027-01-15,25.4,25.6,25.81,PUT 
NVDAI182618000.U,47.3566,180.0,2026-09-18,25.55,25.7,25.6,CALL
NVDAN202611000.U,92.3997,110.0,2026-02-20,0.06,0.07,0.06,PUT 
NVDAC202613500.U,67.5238,135.0,2026-03-20,42.55,42.75,41.08,CALL
NVDAF182600050.U,610.4217,0.5,2026-06-18,175.0,175.2,174.49,CALL
NVDAN202608000.U,130.4344,80.0,2026-02-20,0.01,0.03,0.02,PUT 
NVDAR182614500.U,49.9224,145.0,2026-06-18,7.1,7.2,7.48,PUT 
NVDAU182618000.U,45.9698,180.0,2026-09-18,25.6,25.8,26.4,PUT 
NVDAM152716500.U,46.5215,165.0,2027-01-15,23.0,23.15,24.07,PUT 
NVDAA152717000.U,48.0604,170.0,2027-01-15,37.15,37.4,37.25,CALL
NVDAB202623500.U,48.9732,235.0,2026-02-20,0.04,0.05,0.05,CALL
NVDAB202626000.U,58.9035,260.0,2026-02-20,0.0,0.01,0.01,CALL
NVDAC202614000.U,59.2787,140.0,2026-03-20,38.1,38.2,38.35,CALL
NVDAC202611500.U,71.5377,115.0,2026-03-20,61.55,61.75,58.95,CALL
NVDAF172721000.U,47.6144,210.0,2027-06-17,29.65,29.9,29.65,CALL
NVDAR172721000.U,45.3754,210.0,2027-06-17,54.35,54.75,52.18,PUT 
NVDAO202611500.U,67.9192,115.0,2026-03-20,0.41,0.43,0.51,PUT 
NVDAA212819000.U,48.6143,190.0,2028-01-21,45.8,46.25,45.45,CALL
NVDAN202623500.U,71.0676,235.0,2026-02-20,58.5,60.3,54.65,PUT 
NVDAB202605500.U,209.4713,55.0,2026-02-20,120.6,120.75,125.5,CALL
NVDAI182620000.U,46.4108,200.0,2026-09-18,17.85,17.95,17.7,CALL
NVDAB202609500.U,131.7026,95.0,2026-02-20,80.75,80.9,78.72,CALL
NVDAR182617300.U,46.4852,173.0,2026-06-18,17.25,17.35,18.47,PUT 
NVDAR182617500.U,46.3448,175.0,2026-06-18,18.2,18.35,18.4,PUT 
NVDAH212619500.U,45.6224,195.0,2026-08-21,17.4,17.55,17.3,CALL
NVDAM152719500.U,45.0834,195.0,2027-01-15,39.4,39.7,40.78,PUT 
NVDAN202609500.U,109.1524,95.0,2026-02-20,0.03,0.04,0.04,PUT 
NVDAB202607000.U,178.8333,70.0,2026-02-20,105.65,105.8,104.28,CALL
NVDAL182618000.U,47.8042,180.0,2026-12-18,31.1,31.25,30.92,CALL
NVDAT212616500.U,46.4017,165.0,2026-08-21,16.7,16.85,17.7,PUT 
NVDAU182616500.U,46.7442,165.0,2026-09-18,18.25,18.4,18.97,PUT 
NVDAI182619500.U,46.2995,195.0,2026-09-18,19.55,19.7,19.35,CALL
NVDAR182614000.U,51.0037,140.0,2026-06-18,5.9,6.0,6.3,PUT 
NVDAA152719500.U,46.8437,195.0,2027-01-15,26.65,26.85,26.75,CALL
NVDAT212619500.U,44.5107,195.0,2026-08-21,32.95,33.1,34.05,PUT 
NVDAB202609000.U,140.5592,90.0,2026-02-20,85.75,85.85,84.45,CALL
NVDAC202612500.U,60.5744,125.0,2026-03-20,51.9,52.1,49.84,CALL
NVDAL182618500.U,47.2552,185.0,2026-12-18,28.95,29.1,28.36,CALL
NVDAG172616500.U,48.0791,165.0,2026-07-17,28.6,28.75,28.26,CALL
NVDAC202613000.U,60.8005,130.0,2026-03-20,47.2,47.4,46.53,CALL
NVDAN202607000.U,141.9819,70.0,2026-02-20,0.0,0.02,0.02,PUT 
NVDAS172617000.U,46.0856,170.0,2026-07-17,17.25,17.4,17.86,PUT 
NVDAL152821000.U,47.8895,210.0,2028-12-15,50.25,50.8,50.18,CALL
NVDAR182607000.U,74.5904,70.0,2026-06-18,0.3,0.32,0.33,PUT 
NVDAA152717500.U,47.8679,175.0,2027-01-15,34.8,35.05,34.9,CALL
NVDAS172616500.U,46.8725,165.0,2026-07-17,15.1,15.15,15.1,PUT 
NVDAB202627000.U,59.9171,270.0,2026-02-20,0.0,0.02,0.01,CALL
NVDAM152710000.U,53.6663,100.0,2027-01-15,3.95,4.05,4.0,PUT 
NVDAO202610500.U,73.7852,105.0,2026-03-20,0.24,0.25,0.25,PUT 
NVDAF182617300.U,47.5644,173.0,2026-06-18,22.4,22.55,22.45,CALL
NVDAH212620000.U,45.5765,200.0,2026-08-21,15.7,15.85,15.62,CALL
NVDAL182618300.U,47.4929,183.0,2026-12-18,29.8,29.95,28.35,CALL
NVDAM152720000.U,45.051,200.0,2027-01-15,42.6,42.85,44.2,PUT 
NVDAN202606000.U,163.5424,60.0,2026-02-20,0.0,0.02,0.02,PUT 
NVDAG172622000.U,44.6351,220.0,2026-07-17,8.35,8.4,8.25,CALL
NVDAF182617900.U,47.2958,179.0,2026-06-18,19.45,19.6,18.95,CALL
NVDAM152718500.U,45.5885,185.0,2027-01-15,33.4,33.65,34.73,PUT 
NVDAO202609000.U,84.2619,90.0,2026-03-20,0.11,0.12,0.15,PUT 
NVDAT212620000.U,44.279,200.0,2026-08-21,36.25,36.45,37.6,PUT 
NVDAA152722000.U,46.1339,220.0,2027-01-15,18.95,19.1,19.0,CALL
NVDAS172617500.U,45.635,175.0,2026-07-17,19.65,19.8,20.0,PUT 
NVDAB202607500.U,197.6984,75.0,2026-02-20,100.7,100.85,105.45,CALL
NVDAS172618500.U,44.9193,185.0,2026-07-17,25.05,25.2,25.0,PUT 
NVDAL152819000.U,48.3715,190.0,2028-12-15,56.65,57.1,56.85,CALL
NVDAX182618600.U,45.5103,186.0,2026-12-18,32.95,33.2,32.53,PUT 
NVDAX172716000.U,47.1423,160.0,2027-12-17,30.4,30.7,31.35,PUT 
NVDAN202626000.U,74.3924,260.0,2026-02-20,83.55,85.3,79.68,PUT 
NVDAC202609500.U,87.1406,95.0,2026-03-20,81.15,81.35,79.2,CALL
NVDAG172617500.U,46.6948,175.0,2026-07-17,23.3,23.45,23.5,CALL
NVDAM212819000.U,46.0232,190.0,2028-01-21,47.4,47.75,48.7,PUT 
NVDAR172716000.U,46.9674,160.0,2027-06-17,25.65,25.85,26.3,PUT 
NVDAT212617000.U,45.7574,170.0,2026-08-21,18.95,19.1,19.09,PUT 
NVDAC202611000.U,62.0478,110.0,2026-03-20,66.4,66.6,65.51,CALL
NVDAH212617500.U,46.6834,175.0,2026-08-21,25.7,25.85,25.55,CALL
NVDAF172718000.U,48.5721,180.0,2027-06-17,40.4,40.65,40.2,CALL
NVDAX182618500.U,45.5953,185.0,2026-12-18,32.4,32.65,33.8,PUT 
NVDAF182619100.U,46.1717,191.0,2026-06-18,14.5,14.6,13.75,CALL
NVDAF182621000.U,45.5313,210.0,2026-06-18,8.8,8.9,8.93,CALL
NVDAF182622000.U,44.9806,220.0,2026-06-18,6.7,6.8,6.7,CALL
NVDAF172716000.U,49.1992,160.0,2027-06-17,49.5,49.75,49.25,CALL
NVDAO202607000.U,102.4372,70.0,2026-03-20,0.04,0.05,0.06,PUT 
NVDAN202606500.U,146.9544,65.0,2026-02-20,0.0,0.01,0.01,PUT 
NVDAU182617000.U,46.2017,170.0,2026-09-18,20.55,20.7,20.63,PUT 
NVDAC202610500.U,79.8634,105.0,2026-03-20,71.35,71.55,70.8,CALL
NVDAN202607500.U,141.3106,75.0,2026-02-20,0.01,0.03,0.02,PUT 
NVDAG172618500.U,46.0114,185.0,2026-07-17,18.8,18.9,18.9,CALL
NVDAS172622000.U,43.4591,220.0,2026-07-17,49.6,49.8,46.25,PUT 
NVDAR182617900.U,46.2781,179.0,2026-06-18,20.25,20.4,20.65,PUT 
NVDAL172716000.U,49.7138,160.0,2027-12-17,56.9,57.35,57.1,CALL
NVDAG172617000.U,47.1799,170.0,2026-07-17,25.85,26.0,25.53,CALL
NVDAL172721000.U,48.1969,210.0,2027-12-17,37.8,38.15,37.65,CALL
NVDAB202606500.U,193.8543,65.0,2026-02-20,110.7,110.85,115.58,CALL
NVDAU182618500.U,45.3634,185.0,2026-09-18,28.4,28.6,29.83,PUT 
NVDAX172719000.U,46.0513,190.0,2027-12-17,46.65,47.05,47.11,PUT 
NVDAH212616500.U,47.7094,165.0,2026-08-21,30.9,31.05,31.1,CALL
NVDAI182617500.U,47.3172,175.0,2026-09-18,27.8,28.0,27.8,CALL
NVDAU182619500.U,44.9696,195.0,2026-09-18,34.5,34.7,36.85,PUT 
NVDAC202610000.U,94.5713,100.0,2026-03-20,76.25,76.45,76.15,CALL
NVDAM152722000.U,44.3518,220.0,2027-01-15,56.45,56.75,57.52,PUT 
NVDAO202601500.U,217.3301,15.0,2026-03-20,0.0,0.01,0.01,PUT 
NVDAB202605000.U,202.6375,50.0,2026-02-20,124.0,127.35,125.45,CALL
NVDAX182618300.U,45.7925,183.0,2026-12-18,31.25,31.45,29.48,PUT 
NVDAX182618400.U,45.6723,184.0,2026-12-18,31.8,32.05,30.0,PUT 
NVDAR182619100.U,45.1772,191.0,2026-06-18,27.25,27.4,27.0,PUT 
NVDAN202624000.U,75.2935,240.0,2026-02-20,63.55,65.4,59.65,PUT 
NVDAU182617500.U,45.9337,175.0,2026-09-18,23.0,23.15,23.1,PUT 
NVDAN202605500.U,169.6883,55.0,2026-02-20,0.0,0.01,0.01,PUT 
NVDAI182622000.U,45.7544,220.0,2026-09-18,12.3,12.4,12.21,CALL
NVDAA152718500.U,47.3516,185.0,2027-01-15,30.5,30.7,30.6,CALL
NVDAB202608500.U,139.6881,85.0,2026-02-20,90.7,90.85,90.27,CALL
NVDAC202601500.U,259.0879,15.0,2026-03-20,158.95,162.45,165.35,CALL
NVDAX152819000.U,45.5343,190.0,2028-12-15,53.2,53.85,54.53,PUT 
NVDAA152734000.U,46.8375,340.0,2027-01-15,4.05,4.15,4.03,CALL
NVDAL182618400.U,47.3736,184.0,2026-12-18,29.35,29.55,29.0,CALL
NVDAN202608500.U,121.8214,85.0,2026-02-20,0.01,0.03,0.03,PUT 
NVDAU182620000.U,44.8759,200.0,2026-09-18,37.75,38.0,37.95,PUT 
NVDAO202610000.U,76.9057,100.0,2026-03-20,0.18,0.2,0.18,PUT 
NVDAI182616500.U,48.1044,165.0,2026-09-18,32.9,33.05,32.25,CALL
NVDAR172718000.U,46.359,180.0,2027-06-17,35.85,36.2,36.56,PUT 
NVDAB202608000.U,151.8829,80.0,2026-02-20,95.7,95.85,95.65,CALL
NVDAN202605000.U,179.931,50.0,2026-02-20,0.0,0.01,0.01,PUT 
NVDAT212618500.U,44.8326,185.0,2026-08-21,26.8,27.0,28.45,PUT 
NVDAX152821000.U,45.1869,210.0,2028-12-15,65.85,66.55,66.39,PUT 
NVDAN202625000.U,67.2633,250.0,2026-02-20,73.55,75.3,75.8,PUT 
NVDAR172717000.U,46.4332,170.0,2027-06-17,30.5,30.75,30.8,PUT 
NVDAA152730000.U,46.4729,300.0,2027-01-15,6.55,6.7,6.65,CALL
NVDAX182618000.U,46.1296,180.0,2026-12-18,29.6,29.8,29.9,PUT 
NVDAL172719000.U,48.5581,190.0,2027-12-17,44.5,44.9,44.0,CALL
NVDAX172721000.U,45.7395,210.0,2027-12-17,59.3,59.75,61.75,PUT 
NVDAB202606000.U,190.8443,60.0,2026-02-20,115.65,115.8,113.89,CALL
NVDAO202606500.U,107.141,65.0,2026-03-20,0.04,0.05,0.04,PUT 
NVDAB202625500.U,55.5243,255.0,2026-02-20,0.01,0.02,0.02,CALL
NVDAO202604000.U,137.9397,40.0,2026-03-20,0.0,0.02,0.01,PUT 
NVDAL182618100.U,47.7339,181.0,2026-12-18,30.65,30.8,30.37,CALL
NVDAO202601000.U,255.9085,10.0,2026-03-20,0.0,0.01,0.01,PUT 
NVDAR182617700.U,46.2596,177.0,2026-06-18,19.2,19.35,20.55,PUT 
NVDAO202602500.U,173.5424,25.0,2026-03-20,0.0,0.01,0.01,PUT 
NVDAU182622000.U,44.3126,220.0,2026-09-18,52.2,52.45,51.49,PUT 
NVDAB202628000.U,60.4825,280.0,2026-02-20,0.0,0.02,0.01,CALL
NVDAF172716500.U,48.8344,165.0,2027-06-17,47.05,47.3,45.0,CALL
NVDAH212617000.U,46.9846,170.0,2026-08-21,28.2,28.35,28.25,CALL
NVDAO202607500.U,97.8834,75.0,2026-03-20,0.06,0.07,0.07,PUT 
NVDAX182618100.U,45.9939,181.0,2026-12-18,30.15,30.4,29.75,PUT 
NVDAR182607500.U,72.4952,75.0,2026-06-18,0.38,0.4,0.4,PUT 
NVDAN202625500.U,76.5644,255.0,2026-02-20,78.55,80.3,74.65,PUT 
NVDAO202602000.U,191.6265,20.0,2026-03-20,0.0,0.01,0.01,PUT 
NVDAO202603000.U,164.9247,30.0,2026-03-20,0.0,0.02,0.02,PUT 
NVDAH212618500.U,46.0931,185.0,2026-08-21,21.2,21.35,21.45,CALL
NVDAC202609000.U,89.2864,90.0,2026-03-20,86.1,86.3,84.9,CALL
NVDAQ152614500.U,50.3477,145.0,2026-05-15,5.2,5.3,5.37,PUT 
NVDAF182617600.U,47.3989,176.0,2026-06-18,20.9,21.0,20.85,CALL
NVDAB202624500.U,52.7683,245.0,2026-02-20,0.02,0.03,0.03,CALL
NVDAC202603000.U,182.1065,30.0,2026-03-20,144.0,147.5,150.5,CALL
NVDAA212821000.U,48.169,210.0,2028-01-21,39.1,39.45,39.37,CALL
NVDAC202626000.U,49.7185,260.0,2026-03-20,0.21,0.22,0.22,CALL
NVDAI182618500.U,46.7488,185.0,2026-09-18,23.35,23.5,23.21,CALL
NVDAO202606000.U,112.5322,60.0,2026-03-20,0.02,0.03,0.03,PUT 
NVDAH212622000.U,44.9512,220.0,2026-08-21,10.4,10.5,10.32,CALL
NVDAC202607000.U,120.373,70.0,2026-03-20,105.95,106.15,103.7,CALL
NVDAC202602000.U,183.5881,20.0,2026-03-20,153.95,157.45,160.43,CALL
NVDAO202604500.U,136.1795,45.0,2026-03-20,0.0,0.02,0.02,PUT 
NVDAO202609500.U,80.7544,95.0,2026-03-20,0.14,0.15,0.19,PUT 
NVDAC202604500.U,175.2631,45.0,2026-03-20,129.1,132.6,128.65,CALL
NVDAC202601000.U,325.7504,10.0,2026-03-20,163.9,167.4,170.45,CALL
NVDAC202604000.U,163.4297,40.0,2026-03-20,134.1,137.55,140.58,CALL
NVDAF172720000.U,47.5084,200.0,2027-06-17,32.85,33.1,33.11,CALL
NVDAC202602500.U,250.895,25.0,2026-03-20,149.0,152.5,155.68,CALL
NVDAI182617000.U,47.5609,170.0,2026-09-18,30.25,30.45,30.34,CALL
NVDAN202624500.U,63.5883,245.0,2026-02-20,68.55,70.3,64.68,PUT 
NVDAM152715500.U,47.2967,155.0,2027-01-15,18.7,18.85,18.95,PUT 
NVDAO202605000.U,128.5188,50.0,2026-03-20,0.01,0.03,0.02,PUT 
NVDAM212821000.U,45.6757,210.0,2028-01-21,60.05,60.45,61.48,PUT 
NVDAX182618200.U,45.917,182.0,2026-12-18,30.7,30.9,30.4,PUT 
NVDAC202603500.U,188.7972,35.0,2026-03-20,139.05,142.55,145.6,CALL
NVDAM152714500.U,47.8528,145.0,2027-01-15,14.8,14.95,15.2,PUT 
NVDAC202600500.U,410.2982,5.0,2026-03-20,169.8,171.55,175.43,CALL
NVDAA152715500.U,49.389,155.0,2027-01-15,45.0,45.25,45.45,CALL
NVDAL182618200.U,47.5742,182.0,2026-12-18,30.15,30.4,28.9,CALL
NVDAF172717000.U,48.5887,170.0,2027-06-17,44.65,45.0,44.48,CALL
NVDAR182617600.U,46.3325,176.0,2026-06-18,18.7,18.85,18.7,PUT 
NVDAL182618600.U,47.2141,186.0,2026-12-18,28.5,28.7,29.4,CALL
NVDAB202629000.U,66.9089,290.0,2026-02-20,0.0,0.01,0.01,CALL
NVDAO202603500.U,152.5434,35.0,2026-03-20,0.0,0.02,0.02,PUT 
NVDAR182616000.U,47.9386,160.0,2026-06-18,11.75,11.85,11.85,PUT 
NVDAN202627000.U,98.886,270.0,2026-02-20,93.55,95.3,89.65,PUT 
NVDAO202600500.U,322.4197,5.0,2026-03-20,0.0,0.01,0.01,PUT 
NVDAA152714500.U,50.0524,145.0,2027-01-15,50.7,51.55,49.35,CALL
NVDAO202608500.U,87.9719,85.0,2026-03-20,0.08,0.1,0.1,PUT 
NVDAC202608000.U,95.6341,80.0,2026-03-20,96.0,96.2,93.8,CALL
NVDAF182617700.U,47.3643,177.0,2026-06-18,20.4,20.55,19.6,CALL
NVDAR172716500.U,46.6216,165.0,2027-06-17,28.05,28.3,28.11,PUT 
NVDAF182616000.U,49.1535,160.0,2026-06-18,29.75,29.9,29.85,CALL
NVDAL182618800.U,47.0569,188.0,2026-12-18,27.7,27.9,28.0,CALL
NVDAR182621000.U,44.4907,210.0,2026-06-18,40.55,40.75,42.25,PUT 
NVDAC202606500.U,129.1721,65.0,2026-03-20,110.9,111.1,110.53,CALL
NVDAB202630000.U,71.4459,300.0,2026-02-20,0.0,0.01,0.01,CALL
NVDAX172719500.U,45.8696,195.0,2027-12-17,49.7,50.1,50.35,PUT 
NVDAN202630000.U,119.9359,300.0,2026-02-20,123.55,125.35,119.63,PUT 
NVDAN202628000.U,106.1586,280.0,2026-02-20,103.55,105.35,99.65,PUT 
NVDAC202608500.U,103.2953,85.0,2026-03-20,91.05,91.25,94.77,CALL
NVDAL182614500.U,50.0387,145.0,2026-12-18,49.5,50.05,50.05,CALL
NVDAT212622000.U,43.6206,220.0,2026-08-21,50.95,51.15,52.55,PUT 
NVDAX182618800.U,45.3875,188.0,2026-12-18,34.15,34.35,32.23,PUT 
NVDAX182617500.U,46.1044,175.0,2026-12-18,26.9,27.15,27.5,PUT 
NVDAF182622300.U,44.9986,223.0,2026-06-18,6.2,6.25,6.15,CALL
NVDAL172719500.U,48.4024,195.0,2027-12-17,42.7,43.05,42.53,CALL
NVDAR182617400.U,46.4161,174.0,2026-06-18,17.7,17.85,18.2,PUT 
NVDAM152715000.U,47.4909,150.0,2027-01-15,16.65,16.8,17.2,PUT 
NVDAC202605500.U,152.7828,55.0,2026-03-20,120.85,121.05,120.5,CALL
NVDAR172718500.U,45.9812,185.0,2027-06-17,38.65,38.95,40.0,PUT 
NVDAX182614500.U,48.0394,145.0,2026-12-18,13.9,14.1,14.17,PUT 
NVDAF172719500.U,47.6455,195.0,2027-06-17,34.6,34.85,33.41,CALL
NVDAF172717500.U,48.5477,175.0,2027-06-17,42.5,42.75,42.33,CALL
NVDAX182619100.U,45.2077,191.0,2026-12-18,35.9,36.15,33.93,PUT 
NVDAX182618900.U,45.2998,189.0,2026-12-18,34.7,35.0,32.78,PUT 
NVDAR172720000.U,45.4107,200.0,2027-06-17,47.8,48.15,49.3,PUT 
NVDAR172717500.U,46.385,175.0,2027-06-17,33.1,33.4,34.05,PUT 
NVDAF182622100.U,45.0082,221.0,2026-06-18,6.55,6.6,7.9,CALL
NVDAL172718000.U,49.3037,180.0,2027-12-17,48.3,48.7,48.39,CALL
NVDAN202629000.U,113.171,290.0,2026-02-20,113.55,115.3,109.65,PUT 
NVDAF182614500.U,51.4824,145.0,2026-06-18,39.9,40.35,39.1,CALL
NVDAL182618900.U,47.0169,189.0,2026-12-18,27.35,27.5,26.44,CALL
NVDAA152725000.U,45.8301,250.0,2027-01-15,12.55,12.75,12.5,CALL
NVDAX182618700.U,45.4322,187.0,2026-12-18,33.55,33.75,31.65,PUT 
NVDAF182617400.U,47.469,174.0,2026-06-18,21.9,22.05,21.9,CALL
NVDAR182622000.U,43.8958,220.0,2026-06-18,48.5,48.75,49.75,PUT 
NVDAU182615000.U,47.8817,150.0,2026-09-18,12.35,12.5,12.45,PUT 
NVDAL182618700.U,47.0972,187.0,2026-12-18,28.1,28.3,26.75,CALL
NVDAF182621700.U,45.0276,217.0,2026-06-18,7.3,7.4,7.25,CALL
NVDAX172718000.U,46.6813,180.0,2027-12-17,40.9,41.25,41.38,PUT 
NVDAL182619100.U,46.8627,191.0,2026-12-18,26.55,26.75,26.42,CALL
NVDAO202605500.U,119.0052,55.0,2026-03-20,0.02,0.03,0.02,PUT 
NVDAX172716500.U,46.927,165.0,2027-12-17,32.9,33.25,31.73,PUT 
NVDAC202607500.U,116.8918,75.0,2026-03-20,101.0,101.2,101.86,CALL
NVDAC202605000.U,156.9274,50.0,2026-03-20,124.65,127.65,123.45,CALL
NVDAR172719500.U,45.5106,195.0,2027-06-17,44.65,44.95,45.11,PUT 
NVDAC202606000.U,136.3725,60.0,2026-03-20,115.9,116.1,114.6,CALL
NVDAF182622200.U,44.9712,222.0,2026-06-18,6.35,6.45,6.0,CALL
NVDAR182617000.U,46.9324,170.0,2026-06-18,15.85,15.95,16.7,PUT 
NVDAL172716500.U,49.4381,165.0,2027-12-17,54.6,54.9,55.05,CALL
NVDAF172718500.U,48.1626,185.0,2027-06-17,38.35,38.6,38.7,CALL
NVDAL152816000.U,49.0211,160.0,2028-12-15,68.05,68.5,68.11,CALL
NVDAR172714500.U,47.8044,145.0,2027-06-17,19.2,19.4,20.15,PUT 
NVDAL182602100.U,107.6234,21.0,2026-12-18,154.1,157.2,158.82,CALL
NVDAF182621600.U,45.1309,216.0,2026-06-18,7.5,7.6,7.0,CALL
NVDAX152818000.U,46.005,180.0,2028-12-15,47.3,47.95,48.71,PUT 
NVDAL172717500.U,49.2706,175.0,2027-12-17,50.3,50.75,50.55,CALL
NVDAF172722000.U,47.1076,220.0,2027-06-17,26.75,27.0,26.67,CALL
NVDAX152816000.U,46.1684,160.0,2028-12-15,36.45,37.0,36.87,PUT 
NVDAF182617100.U,47.8784,171.0,2026-06-18,23.45,23.6,23.23,CALL
NVDAB202632000.U,80.3302,320.0,2026-02-20,0.0,0.01,0.01,CALL
NVDAX172720000.U,45.7727,200.0,2027-12-17,52.8,53.15,55.0,PUT 
NVDAF172714500.U,50.4264,145.0,2027-06-17,57.45,57.75,57.5,CALL
NVDAX182617800.U,46.0934,178.0,2026-12-18,28.5,28.7,30.0,PUT 
NVDAF182620500.U,45.4196,205.0,2026-06-18,10.05,10.15,10.13,CALL
NVDAA152712000.U,53.2764,120.0,2027-01-15,67.85,68.5,67.26,CALL
NVDAF182617000.U,48.0372,170.0,2026-06-18,24.0,24.1,23.75,CALL
NVDAF182616800.U,48.3586,168.0,2026-06-18,25.05,25.2,23.65,CALL
NVDAM152723000.U,44.4788,230.0,2027-01-15,64.0,64.35,66.2,PUT 
NVDAA212830000.U,47.4763,300.0,2028-01-21,20.1,20.45,20.02,CALL
NVDAN202631000.U,126.4735,310.0,2026-02-20,133.55,135.35,129.65,PUT 
NVDAF182621800.U,45.0553,218.0,2026-06-18,7.1,7.2,7.15,CALL
NVDAO202624000.U,45.359,240.0,2026-03-20,64.35,64.6,67.15,PUT 
NVDAC202628000.U,52.4062,280.0,2026-03-20,0.1,0.11,0.11,CALL
NVDAL182602400.U,111.8499,24.0,2026-12-18,149.85,155.75,156.93,CALL
NVDAF182623000.U,45.0792,230.0,2026-06-18,5.1,5.15,5.1,CALL
NVDAR182622300.U,43.935,223.0,2026-06-18,50.65,51.25,52.65,PUT 
NVDAF182600150.U,324.9857,1.5,2026-06-18,173.25,175.3,178.9,CALL
NVDAR182622100.U,43.8456,221.0,2026-06-18,49.35,49.55,51.25,PUT 
NVDAG172614500.U,50.5022,145.0,2026-07-17,41.4,41.6,41.48,CALL
NVDAX152819500.U,45.3729,195.0,2028-12-15,56.25,56.95,55.53,PUT 
NVDAM152711000.U,51.5554,110.0,2027-01-15,5.55,5.65,5.99,PUT 
NVDAU182615500.U,47.3407,155.0,2026-09-18,14.15,14.3,14.85,PUT 
NVDAR182616800.U,47.2542,168.0,2026-06-18,14.95,15.1,15.95,PUT 
NVDAX172715000.U,47.9691,150.0,2027-12-17,25.8,26.1,26.11,PUT 
NVDAF182616700.U,48.5825,167.0,2026-06-18,25.65,25.8,25.85,CALL
NVDAT212614500.U,48.2907,145.0,2026-08-21,9.5,9.6,9.7,PUT 
NVDAL152820000.U,48.1033,200.0,2028-12-15,53.35,53.85,53.42,CALL
NVDAX172717000.U,46.7531,170.0,2027-12-17,35.45,35.75,35.34,PUT 
NVDAN202632000.U,132.6335,320.0,2026-02-20,143.55,145.35,139.55,PUT 
NVDAA152724000.U,45.9544,240.0,2027-01-15,14.4,14.55,14.35,CALL
NVDAC202627000.U,51.2098,270.0,2026-03-20,0.14,0.15,0.15,CALL
NVDAN202633000.U,124.0576,330.0,2026-02-20,153.55,155.35,149.75,PUT 
NVDAL182602200.U,104.9658,22.0,2026-12-18,151.75,157.65,159.25,CALL
NVDAF182621900.U,44.9529,219.0,2026-06-18,6.9,7.0,6.85,CALL
NVDAS172614500.U,48.8884,145.0,2026-07-17,8.15,8.25,8.2,PUT 
NVDAR182616700.U,47.5078,167.0,2026-06-18,14.55,14.65,15.4,PUT 
NVDAX182600150.U,185.5459,1.5,2026-12-18,0.0,0.03,0.03,PUT 
NVDAX182601500.U,97.446,15.0,2026-12-18,0.01,0.05,0.03,PUT 
NVDAX152820000.U,45.2815,200.0,2028-12-15,59.4,60.1,60.04,PUT 
NVDAF182621500.U,45.1691,215.0,2026-06-18,7.7,7.8,7.7,CALL
NVDAL182617700.U,47.7437,177.0,2026-12-18,32.35,32.55,30.85,CALL
NVDAA152723000.U,46.2839,230.0,2027-01-15,16.5,16.7,16.21,CALL
NVDAR182619500.U,45.277,195.0,2026-06-18,29.8,30.0,29.98,PUT 
NVDAB202633000.U,81.3208,330.0,2026-02-20,0.0,0.01,0.01,CALL
NVDAL182617900.U,47.758,179.0,2026-12-18,31.5,31.7,30.26,CALL
NVDAL152818000.U,48.8805,180.0,2028-12-15,60.15,60.7,60.5,CALL
NVDAU182614500.U,48.7731,145.0,2026-09-18,10.75,10.85,10.77,PUT 
NVDAA152713500.U,51.3997,135.0,2027-01-15,57.3,58.0,56.97,CALL
NVDAR182616900.U,47.0623,169.0,2026-06-18,15.4,15.5,16.45,PUT 
NVDAR182617100.U,46.7423,171.0,2026-06-18,16.3,16.4,17.25,PUT 
NVDAA152709000.U,60.1805,90.0,2027-01-15,91.75,92.9,90.05,CALL
NVDAX172714500.U,48.0508,145.0,2027-12-17,23.6,23.85,24.68,PUT 
NVDAA212818000.U,49.3269,180.0,2028-01-21,49.55,49.95,49.56,CALL
NVDAR182600150.U,273.8635,1.5,2026-06-18,0.0,0.02,0.02,PUT 
NVDAN202638000.U,163.4631,380.0,2026-02-20,203.55,205.35,199.65,PUT 
NVDAA152715000.U,49.6677,150.0,2027-01-15,47.9,48.15,48.02,CALL
NVDAL152819500.U,48.1984,195.0,2028-12-15,54.95,55.5,54.94,CALL
NVDAF182622400.U,45.0898,224.0,2026-06-18,6.0,6.1,5.95,CALL
NVDAX182617900.U,46.08,179.0,2026-12-18,29.05,29.25,30.6,PUT 
NVDAL182617500.U,47.6893,175.0,2026-12-18,33.25,33.5,33.6,CALL
NVDAX172717500.U,46.7242,175.0,2027-12-17,38.1,38.45,38.44,PUT 
NVDAR182617200.U,46.6134,172.0,2026-06-18,16.75,16.9,17.75,PUT 
NVDAB202631000.U,73.3926,310.0,2026-02-20,0.0,0.01,0.01,CALL
NVDAF182617200.U,47.7208,172.0,2026-06-18,22.95,23.05,21.71,CALL
NVDAL182600150.U,292.4044,1.5,2026-12-18,172.85,174.75,178.38,CALL
NVDAL182617600.U,47.7364,176.0,2026-12-18,32.8,33.0,32.75,CALL
NVDAX182617700.U,46.1011,177.0,2026-12-18,27.95,28.2,27.68,PUT 
NVDAN202634000.U,124.4771,340.0,2026-02-20,163.55,165.35,159.7,PUT 
NVDAB202634000.U,85.1066,340.0,2026-02-20,0.0,0.01,0.01,CALL
NVDAX182601600.U,96.2981,16.0,2026-12-18,0.01,0.07,0.04,PUT 
NVDAR172722000.U,44.8928,220.0,2027-06-17,61.3,61.7,58.95,PUT 
NVDAM152714000.U,48.5025,140.0,2027-01-15,13.1,13.25,13.1,PUT 
NVDAF182619500.U,46.3005,195.0,2026-06-18,13.1,13.2,13.1,CALL
NVDAM152709000.U,55.1884,90.0,2027-01-15,2.78,2.84,2.88,PUT 
NVDAL182617800.U,47.7509,178.0,2026-12-18,31.95,32.1,31.1,CALL
NVDAE152623000.U,43.6534,230.0,2026-05-15,3.0,3.05,3.05,CALL
NVDAM212818000.U,46.6223,180.0,2028-01-21,41.6,41.95,41.91,PUT 
NVDAL182616000.U,48.9269,160.0,2026-12-18,40.8,41.0,40.5,CALL
NVDAL182601500.U,126.581,15.0,2026-12-18,158.65,164.2,165.13,CALL
NVDAR182622200.U,43.8587,222.0,2026-06-18,49.85,50.55,46.65,PUT 
NVDAF182621400.U,45.2735,214.0,2026-06-18,7.9,8.0,7.85,CALL
NVDAX182617600.U,46.1034,176.0,2026-12-18,27.45,27.7,27.63,PUT 
NVDAA152713000.U,51.6804,130.0,2027-01-15,60.5,61.35,60.8,CALL
NVDAL172717000.U,49.3819,170.0,2027-12-17,52.45,52.85,52.5,CALL
NVDAE152614500.U,51.7874,145.0,2026-05-15,37.4,37.85,37.16,CALL
NVDAB202638000.U,102.9198,380.0,2026-02-20,0.0,0.01,0.01,CALL
NVDAL172714500.U,50.8889,145.0,2027-12-17,64.3,65.15,64.55,CALL
NVDAR182616600.U,47.6886,166.0,2026-06-18,14.1,14.2,14.35,PUT 
NVDAF182616600.U,48.8082,166.0,2026-06-18,26.2,26.35,25.95,CALL
NVDAL182600200.U,256.0518,2.0,2026-12-18,172.35,175.45,178.65,CALL
NVDAL182602000.U,109.075,20.0,2026-12-18,155.15,158.1,161.18,CALL
NVDAM152701500.U,93.928,15.0,2027-01-15,0.02,0.05,0.02,PUT 
NVDAX182601400.U,100.4593,14.0,2026-12-18,0.01,0.05,0.04,PUT 
NVDAL172723000.U,47.7121,230.0,2027-12-17,32.2,32.5,32.1,CALL
NVDAL182601600.U,126.6099,16.0,2026-12-18,157.5,163.4,165.15,CALL
NVDAL182600400.U,270.562,4.0,2026-12-18,170.45,173.55,177.48,CALL
NVDAX182600400.U,143.7485,4.0,2026-12-18,0.0,0.03,0.03,PUT 
NVDAF182614400.U,51.6937,144.0,2026-06-18,40.6,41.05,38.5,CALL
NVDAO202627000.U,59.9362,270.0,2026-03-20,94.35,94.5,89.6,PUT 
NVDAF182600250.U,375.7327,2.5,2026-06-18,171.2,175.3,178.2,CALL
NVDAS172615500.U,47.5199,155.0,2026-07-17,11.2,11.35,11.45,PUT 
NVDAA152704500.U,81.1436,45.0,2027-01-15,130.35,135.95,137.7,CALL
NVDAF182622500.U,45.1167,225.0,2026-06-18,5.85,5.95,5.62,CALL
NVDAX182602200.U,90.5398,22.0,2026-12-18,0.05,0.09,0.09,PUT 
NVDAX182602600.U,83.6555,26.0,2026-12-18,0.07,0.11,0.09,PUT 
NVDAM152713000.U,49.1542,130.0,2027-01-15,10.05,10.2,10.15,PUT 
NVDAX152816500.U,46.0578,165.0,2028-12-15,39.05,39.6,39.44,PUT 
NVDAA152701500.U,132.2524,15.0,2027-01-15,158.75,164.45,165.35,CALL
NVDAA152712500.U,51.0077,125.0,2027-01-15,64.2,64.95,63.37,CALL
NVDAL172709500.U,56.0057,95.0,2027-12-17,95.3,96.4,92.56,CALL
NVDAM152708500.U,56.4195,85.0,2027-01-15,2.31,2.36,2.49,PUT 
NVDAM212819500.U,45.8662,195.0,2028-01-21,50.45,50.9,51.3,PUT 
NVDAR182622400.U,43.9352,224.0,2026-06-18,51.5,52.1,50.8,PUT 
NVDAR182614600.U,49.8472,146.0,2026-06-18,7.35,7.45,8.15,PUT 
NVDAX152822000.U,45.2805,220.0,2028-12-15,72.55,73.3,74.0,PUT 
NVDAX182619200.U,45.199,192.0,2026-12-18,36.55,36.8,34.53,PUT 
NVDAR182615200.U,49.3575,152.0,2026-06-18,9.05,9.15,9.48,PUT 
NVDAL182600500.U,251.1595,5.0,2026-12-18,169.55,172.5,176.58,CALL
NVDAN202635000.U,148.7004,350.0,2026-02-20,173.55,175.35,169.6,PUT 
NVDAX182602000.U,92.4983,20.0,2026-12-18,0.05,0.08,0.07,PUT 
NVDAF182616900.U,48.1363,169.0,2026-06-18,24.55,24.65,23.52,CALL
NVDAX182602800.U,83.608,28.0,2026-12-18,0.09,0.14,0.13,PUT 
NVDAR182600200.U,253.905,2.0,2026-06-18,0.0,0.02,0.02,PUT 
NVDAX182600250.U,148.66,2.5,2026-12-18,0.0,0.03,0.01,PUT 
NVDAF182621300.U,45.3787,213.0,2026-06-18,8.1,8.2,7.6,CALL
NVDAL182601100.U,153.7282,11.0,2026-12-18,162.3,168.2,169.18,CALL
NVDAX182621000.U,44.608,210.0,2026-12-18,48.35,48.6,49.86,PUT 
NVDAM152712500.U,49.7501,125.0,2027-01-15,8.75,8.9,8.95,PUT 
NVDAR182602500.U,114.9227,25.0,2026-06-18,0.01,0.04,0.03,PUT 
NVDAM152711500.U,51.1335,115.0,2027-01-15,6.5,6.6,6.85,PUT 
NVDAX182600600.U,129.866,6.0,2026-12-18,0.0,0.04,0.04,PUT 
NVDAX172709500.U,51.7882,95.0,2027-12-17,7.6,7.8,7.75,PUT 
NVDAA152729000.U,46.0336,290.0,2027-01-15,7.45,7.6,7.5,CALL
NVDAL152817500.U,48.9179,175.0,2028-12-15,62.15,62.55,61.72,CALL
NVDAR182621500.U,44.0299,215.0,2026-06-18,44.45,44.7,41.18,PUT 
NVDAR182614200.U,50.4969,142.0,2026-06-18,6.35,6.45,5.7,PUT 
NVDAR182600050.U,329.5744,0.5,2026-06-18,0.0,0.01,0.01,PUT 
NVDAR182619300.U,45.1984,193.0,2026-06-18,28.5,28.65,29.6,PUT 
NVDAX182600100.U,185.1187,1.0,2026-12-18,0.0,0.01,0.01,PUT 
NVDAA212820000.U,48.2323,200.0,2028-01-21,42.35,42.55,42.57,CALL
NVDAX182602500.U,87.7672,25.0,2026-12-18,0.07,0.12,0.12,PUT 
NVDAA212814500.U,50.8256,145.0,2028-01-21,65.45,66.2,65.0,CALL
NVDAL172722000.U,48.1553,220.0,2027-12-17,34.9,35.2,34.94,CALL
NVDAX182601000.U,112.4314,10.0,2026-12-18,0.01,0.05,0.03,PUT 
NVDAA152708500.U,61.7189,85.0,2027-01-15,96.3,97.25,94.5,CALL
NVDAX182600300.U,155.6422,3.0,2026-12-18,0.0,0.03,0.03,PUT 
NVDAX182600800.U,118.317,8.0,2026-12-18,0.0,0.04,0.04,PUT 
NVDAF182615200.U,50.9682,152.0,2026-06-18,35.0,35.15,32.8,CALL
NVDAF182615400.U,50.2756,154.0,2026-06-18,33.65,33.8,33.22,CALL
NVDAL182602600.U,101.3501,26.0,2026-12-18,147.9,153.85,150.2,CALL
NVDAM152704500.U,71.4438,45.0,2027-01-15,0.4,0.44,0.42,PUT 
NVDAR182601300.U,141.4295,13.0,2026-06-18,0.0,0.02,0.02,PUT 
NVDAX172722000.U,45.4778,220.0,2027-12-17,66.1,66.6,64.03,PUT 
NVDAF182614800.U,51.1971,148.0,2026-06-18,37.7,38.15,37.65,CALL
NVDAL152822000.U,47.9597,220.0,2028-12-15,47.45,47.85,47.8,CALL
NVDAT212615500.U,46.9986,155.0,2026-08-21,12.75,12.9,13.15,PUT 
NVDAF182601500.U,187.2013,15.0,2026-06-18,159.0,162.9,165.78,CALL
NVDAF182616200.U,48.9724,162.0,2026-06-18,28.55,28.7,27.75,CALL
NVDAR182616200.U,47.7555,162.0,2026-06-18,12.5,12.6,13.2,PUT 
NVDAL152816500.U,48.972,165.0,2028-12-15,65.95,66.45,65.54,CALL
NVDAL182600600.U,189.3296,6.0,2026-12-18,167.1,173.0,174.1,CALL
NVDAL182600300.U,232.8315,3.0,2026-12-18,171.8,174.45,176.28,CALL
NVDAB202636000.U,95.2621,360.0,2026-02-20,0.0,0.01,0.01,CALL
NVDAO202626000.U,53.6878,260.0,2026-03-20,84.3,84.55,79.7,PUT 
NVDAL172713000.U,51.6528,130.0,2027-12-17,72.55,73.35,70.34,CALL
NVDAM152725000.U,43.9327,250.0,2027-01-15,80.2,80.55,81.89,PUT 
NVDAL182600250.U,256.7836,2.5,2026-12-18,170.5,176.4,177.28,CALL
NVDAL182600900.U,164.0477,9.0,2026-12-18,164.25,170.1,171.18,CALL
NVDAR182614400.U,50.1696,144.0,2026-06-18,6.85,6.95,7.13,PUT 
NVDAF182619300.U,46.1808,193.0,2026-06-18,13.8,13.9,13.8,CALL
NVDAX152813000.U,47.2042,130.0,2028-12-15,22.65,23.05,22.55,PUT 
NVDAL182601200.U,149.3392,12.0,2026-12-18,161.35,167.25,168.23,CALL
NVDAR182600100.U,282.8091,1.0,2026-06-18,0.0,0.01,0.01,PUT 
NVDAA212817000.U,49.3324,170.0,2028-01-21,53.65,54.1,53.5,CALL
NVDAA212819500.U,48.4182,195.0,2028-01-21,44.0,44.45,43.85,CALL
NVDAQ152615000.U,49.0356,150.0,2026-05-15,6.4,6.5,6.45,PUT 
NVDAR182621700.U,43.8916,217.0,2026-06-18,46.05,46.25,47.8,PUT 
NVDAL182601000.U,156.7049,10.0,2026-12-18,163.45,169.0,170.35,CALL
NVDAL182620000.U,46.7089,200.0,2026-12-18,23.35,23.5,23.4,CALL
NVDAM152728000.U,48.5882,280.0,2027-01-15,106.2,107.05,110.0,PUT 
NVDAF182600200.U,356.7301,2.0,2026-06-18,172.75,174.8,178.53,CALL
NVDAM212820000.U,45.74,200.0,2028-01-21,53.6,53.9,54.2,PUT 
NVDAM152701000.U,108.2673,10.0,2027-01-15,0.0,0.03,0.03,PUT 
NVDAA152714000.U,50.8379,140.0,2027-01-15,54.05,54.7,54.17,CALL
NVDAX182600350.U,149.2959,3.5,2026-12-18,0.0,0.03,0.03,PUT 
NVDAX182600200.U,172.8212,2.0,2026-12-18,0.0,0.03,0.03,PUT 
NVDAL172718500.U,48.8845,185.0,2027-12-17,46.35,46.75,46.5,CALL
NVDAF182600300.U,303.884,3.0,2026-06-18,170.7,174.8,177.5,CALL
NVDAA152728000.U,45.8457,280.0,2027-01-15,8.45,8.6,8.5,CALL
NVDAR182600300.U,227.4301,3.0,2026-06-18,0.0,0.02,0.02,PUT 
NVDAX182601700.U,94.9921,17.0,2026-12-18,0.02,0.05,0.02,PUT 
NVDAX172715500.U,47.5068,155.0,2027-12-17,28.05,28.35,27.08,PUT 
NVDAR182600400.U,209.5578,4.0,2026-06-18,0.0,0.02,0.02,PUT 
NVDAR182600450.U,202.4181,4.5,2026-06-18,0.0,0.02,0.02,PUT 
NVDAF182616500.U,48.8288,165.0,2026-06-18,26.8,26.95,26.32,CALL
NVDAX182602400.U,87.1221,24.0,2026-12-18,0.05,0.12,0.09,PUT 
NVDAM212814500.U,47.9885,145.0,2028-01-21,24.25,24.55,24.71,PUT 
NVDAH212614500.U,50.1818,145.0,2026-08-21,43.3,43.8,41.98,CALL
NVDAL182601800.U,126.1943,18.0,2026-12-18,155.6,161.5,162.3,CALL
NVDAL182601900.U,117.5957,19.0,2026-12-18,154.65,160.5,162.25,CALL
NVDAL182600450.U,208.6642,4.5,2026-12-18,168.55,174.45,175.3,CALL
NVDAR182601200.U,145.87,12.0,2026-06-18,0.0,0.02,0.02,PUT 
NVDAR182621900.U,43.8756,219.0,2026-06-18,47.7,47.9,49.45,PUT 
NVDAM152708000.U,57.8817,80.0,2027-01-15,1.9,1.94,2.03,PUT 
NVDAX172713000.U,48.842,130.0,2027-12-17,17.75,17.95,17.85,PUT 
NVDAA152707000.U,68.9752,70.0,2027-01-15,109.5,110.7,107.58,CALL
NVDAL182601400.U,139.7394,14.0,2026-12-18,159.45,165.3,166.23,CALL
NVDAM152729000.U,43.7374,290.0,2027-01-15,115.4,116.3,111.75,PUT 
NVDAR182621400.U,44.0637,214.0,2026-06-18,43.65,43.9,42.45,PUT 
NVDAX172718500.U,46.3337,185.0,2027-12-17,43.75,44.05,44.13,PUT 
NVDAX182600050.U,215.8841,0.5,2026-12-18,0.0,0.01,0.01,PUT 
NVDAB202635000.U,88.7829,350.0,2026-02-20,0.0,0.01,0.01,CALL
NVDAX182600900.U,113.5995,9.0,2026-12-18,0.0,0.04,0.04,PUT 
NVDAL182621000.U,46.322,210.0,2026-12-18,20.2,20.35,20.11,CALL
NVDAM152713500.U,48.908,135.0,2027-01-15,11.6,11.65,11.65,PUT 
NVDAR182615400.U,48.9737,154.0,2026-06-18,9.7,9.8,10.5,PUT 
NVDAM152712000.U,50.6122,120.0,2027-01-15,7.55,7.7,8.16,PUT 
NVDAA212816000.U,49.7294,160.0,2028-01-21,58.1,58.55,57.5,CALL
NVDAF182615000.U,51.1225,150.0,2026-06-18,36.3,36.75,36.27,CALL
NVDAR182601500.U,133.5401,15.0,2026-06-18,0.0,0.02,0.02,PUT 
NVDAX172709000.U,52.2028,90.0,2027-12-17,6.55,6.8,7.05,PUT 
NVDAX182601800.U,92.7705,18.0,2026-12-18,0.01,0.08,0.05,PUT 
NVDAX182602700.U,83.793,27.0,2026-12-18,0.09,0.14,0.11,PUT 
NVDAR182616500.U,47.7076,165.0,2026-06-18,13.7,13.8,13.65,PUT 
NVDAX182600450.U,141.6861,4.5,2026-12-18,0.0,0.04,0.04,PUT 
NVDAF182600450.U,289.2196,4.5,2026-06-18,169.25,173.3,175.3,CALL
NVDAI182614500.U,50.2925,145.0,2026-09-18,45.0,45.55,45.04,CALL
NVDAF182600350.U,257.2002,3.5,2026-06-18,170.2,174.3,176.93,CALL
NVDAL182600800.U,165.2611,8.0,2026-12-18,165.2,171.1,172.88,CALL
NVDAL182600700.U,204.3539,7.0,2026-12-18,166.15,172.05,173.08,CALL
NVDAF182619200.U,46.1763,192.0,2026-06-18,14.15,14.25,13.8,CALL
NVDAS172615000.U,48.5851,150.0,2026-07-17,9.6,9.7,10.25,PUT 
NVDAX182601200.U,103.8585,12.0,2026-12-18,0.0,0.05,0.05,PUT 
NVDAN062620250.U,61.8406,202.5,2026-02-06,26.55,27.3,24.1,PUT 
NVDAX152817000.U,46.0229,170.0,2028-12-15,41.75,42.3,43.1,PUT 
NVDAL152817000.U,48.9073,170.0,2028-12-15,63.95,64.45,63.92,CALL
NVDAR182600250.U,239.1259,2.5,2026-06-18,0.0,0.02,0.02,PUT 
NVDAL182602300.U,114.4194,23.0,2026-12-18,150.8,156.7,157.9,CALL
NVDAM212816000.U,47.0259,160.0,2028-01-21,31.1,31.35,31.98,PUT 
NVDAG172615500.U,48.8388,155.0,2026-07-17,34.65,34.8,32.82,CALL
NVDAX182602300.U,88.1324,23.0,2026-12-18,0.05,0.11,0.08,PUT 
NVDAF182622600.U,45.1435,226.0,2026-06-18,5.7,5.8,5.45,CALL
NVDAL182602500.U,82.0467,25.0,2026-12-18,149.05,154.65,155.8,CALL
NVDAL182602800.U,104.5471,28.0,2026-12-18,146.0,151.9,153.03,CALL
NVDAA152727000.U,46.0195,270.0,2027-01-15,9.65,9.8,9.64,CALL
NVDAX182614000.U,48.7457,140.0,2026-12-18,12.25,12.4,12.35,PUT 
NVDAX182601100.U,107.4244,11.0,2026-12-18,0.0,0.05,0.05,PUT 
NVDAA152711500.U,54.6449,115.0,2027-01-15,71.6,72.4,71.2,CALL
NVDAF182621200.U,45.4845,212.0,2026-06-18,8.35,8.45,7.85,CALL
NVDAA152708000.U,63.6429,80.0,2027-01-15,100.5,101.7,100.4,CALL
NVDAQ152614000.U,51.2099,140.0,2026-05-15,4.2,4.3,4.29,PUT 
NVDAN202636000.U,153.7557,360.0,2026-02-20,183.55,185.35,179.65,PUT 
NVDAL182601700.U,128.5819,17.0,2026-12-18,156.55,162.45,163.37,CALL
NVDAX182600500.U,134.2136,5.0,2026-12-18,0.0,0.03,0.03,PUT 
NVDAF182600400.U,275.7545,4.0,2026-06-18,169.8,173.8,176.5,CALL
NVDAX182601300.U,103.5913,13.0,2026-12-18,0.0,0.04,0.04,PUT 
NVDAL182600100.U,309.4661,1.0,2026-12-18,174.65,176.45,179.58,CALL
NVDAB062620250.U,53.7251,202.5,2026-02-06,0.02,0.03,0.02,CALL
NVDAR182601100.U,150.7211,11.0,2026-06-18,0.0,0.02,0.02,PUT 
NVDAR182600350.U,217.7721,3.5,2026-06-18,0.0,0.02,0.02,PUT 
NVDAL182619200.U,46.8238,192.0,2026-12-18,26.15,26.35,26.0,CALL
NVDAL172715500.U,50.0883,155.0,2027-12-17,59.3,59.75,58.15,CALL
NVDAX182600700.U,123.6474,7.0,2026-12-18,0.0,0.04,0.04,PUT 
NVDAR182619200.U,45.1909,192.0,2026-06-18,27.85,28.0,29.3,PUT 
NVDAL182601300.U,139.6445,13.0,2026-12-18,160.4,166.3,168.08,CALL
NVDAR182621600.U,43.928,216.0,2026-06-18,45.25,45.45,46.85,PUT 
NVDAF182619400.U,46.2409,194.0,2026-06-18,13.45,13.55,12.85,CALL
NVDAX152817500.U,46.0291,175.0,2028-12-15,44.5,45.1,45.19,PUT 
NVDAR182616400.U,47.7074,164.0,2026-06-18,13.3,13.4,13.6,PUT 
NVDAM152727000.U,43.7496,270.0,2027-01-15,97.5,97.9,99.35,PUT 
NVDAL182600350.U,227.828,3.5,2026-12-18,169.55,175.4,176.33,CALL
NVDAO202625000.U,49.8756,250.0,2026-03-20,74.35,74.5,73.31,PUT 
NVDAR182614800.U,49.6104,148.0,2026-06-18,7.9,8.0,8.1,PUT 
NVDAR182620000.U,44.5092,200.0,2026-06-18,33.2,33.4,33.5,PUT 
NVDAX182602100.U,91.5545,21.0,2026-12-18,0.04,0.09,0.08,PUT 
NVDAX182601900.U,92.7096,19.0,2026-12-18,0.02,0.08,0.06,PUT 
NVDAR182621800.U,43.8515,218.0,2026-06-18,46.9,47.1,48.1,PUT 
NVDAF182600100.U,421.7095,1.0,2026-06-18,172.35,177.1,178.0,CALL
NVDAF182625500.U,45.0426,255.0,2026-06-18,2.58,2.61,2.6,CALL
NVDAM152707000.U,60.4709,70.0,2027-01-15,1.26,1.31,1.37,PUT 
NVDAR182601400.U,137.3362,14.0,2026-06-18,0.0,0.02,0.02,PUT 
NVDAL182602700.U,103.8702,27.0,2026-12-18,146.95,152.9,154.63,CALL
NVDAL172711000.U,53.5189,110.0,2027-12-17,85.0,85.9,83.58,CALL
NVDAA152705000.U,77.7034,50.0,2027-01-15,127.2,129.85,131.04,CALL
NVDAA212812000.U,52.9453,120.0,2028-01-21,79.5,80.5,79.8,CALL
NVDAF182615500.U,50.108,155.0,2026-06-18,33.0,33.15,31.4,CALL
NVDAA152703500.U,94.1383,35.0,2027-01-15,139.75,145.35,147.33,CALL
NVDAF182627000.U,45.6193,270.0,2026-06-18,1.73,1.76,1.73,CALL
NVDAA152703000.U,89.3322,30.0,2027-01-15,144.45,150.15,149.0,CALL
NVDAR182623000.U,42.7593,230.0,2026-06-18,56.65,57.4,58.91,PUT 
NVDAX182614200.U,48.4507,142.0,2026-12-18,12.9,13.05,13.35,PUT 
NVDAL172711500.U,53.7486,115.0,2027-12-17,81.75,82.65,81.24,CALL
NVDAM152700500.U,128.666,5.0,2027-01-15,0.0,0.02,0.01,PUT 
NVDAR182613500.U,51.8152,135.0,2026-06-18,4.85,4.95,5.15,PUT 
NVDAX182616000.U,47.2272,160.0,2026-12-18,19.75,19.95,20.13,PUT 
NVDAR182603200.U,104.4304,32.0,2026-06-18,0.02,0.05,0.04,PUT 
NVDAF172715500.U,49.7845,155.0,2027-06-17,52.05,52.3,50.66,CALL
NVDAM152706000.U,64.1832,60.0,2027-01-15,0.82,0.87,0.87,PUT 
NVDAF182603700.U,135.7368,37.0,2026-06-18,137.3,141.4,144.45,CALL
NVDAM152709500.U,54.2542,95.0,2027-01-15,3.3,3.4,3.4,PUT 
NVDAM152704000.U,73.4523,40.0,2027-01-15,0.3,0.34,0.34,PUT 
NVDAU182613000.U,50.4054,130.0,2026-09-18,6.75,6.85,7.25,PUT 
NVDAL182614600.U,49.9076,146.0,2026-12-18,48.85,49.45,47.55,CALL
NVDAF182636000.U,48.8215,360.0,2026-06-18,0.22,0.24,0.23,CALL
NVDAF182624000.U,44.8819,240.0,2026-06-18,3.85,3.95,3.9,CALL
NVDAR182600800.U,168.714,8.0,2026-06-18,0.0,0.02,0.02,PUT 
NVDAM152703000.U,80.7575,30.0,2027-01-15,0.14,0.18,0.15,PUT 
NVDAX182609000.U,55.694,90.0,2026-12-18,2.47,2.53,2.59,PUT 
NVDAR182601900.U,124.4142,19.0,2026-06-18,0.0,0.03,0.03,PUT 
NVDAF182602500.U,143.3753,25.0,2026-06-18,149.15,153.05,155.85,CALL
NVDAL172710500.U,54.182,105.0,2027-12-17,88.3,89.3,85.82,CALL
NVDAX172711500.U,49.8424,115.0,2027-12-17,12.75,12.95,13.28,PUT 
NVDAM212817500.U,46.6767,175.0,2028-01-21,38.85,39.15,39.97,PUT 
NVDAX172710500.U,50.7336,105.0,2027-12-17,10.0,10.25,10.55,PUT 
NVDAF172712000.U,52.8895,120.0,2027-06-17,72.7,73.8,73.5,CALL
NVDAM212822000.U,45.5063,220.0,2028-01-21,66.85,67.35,66.55,PUT 
NVDAF182602300.U,153.2687,23.0,2026-06-18,151.05,155.1,156.28,CALL
NVDAM212818500.U,46.2776,185.0,2028-01-21,44.5,44.8,45.52,PUT 
NVDAF182602600.U,92.4316,26.0,2026-06-18,148.1,152.15,154.68,CALL
NVDAL172714000.U,51.0961,140.0,2027-12-17,66.95,67.7,67.2,CALL
NVDAE152627000.U,45.2542,270.0,2026-05-15,0.81,0.84,0.81,CALL
NVDAX182613200.U,49.1687,132.0,2026-12-18,9.9,10.05,9.28,PUT 
NVDAR182621200.U,44.1925,212.0,2026-06-18,42.1,42.3,40.65,PUT 
NVDAR182612000.U,54.9781,120.0,2026-06-18,2.66,2.69,2.73,PUT 
NVDAA212812500.U,52.1553,125.0,2028-01-21,76.55,77.45,76.09,CALL
NVDAA212818500.U,48.9792,185.0,2028-01-21,47.65,48.05,46.5,CALL
NVDAX182614600.U,47.8717,146.0,2026-12-18,14.25,14.45,14.55,PUT 
NVDAF182628000.U,45.6117,280.0,2026-06-18,1.33,1.36,1.34,CALL
NVDAC202629000.U,53.7044,290.0,2026-03-20,0.07,0.08,0.08,CALL
NVDAM152702500.U,84.2477,25.0,2027-01-15,0.09,0.13,0.1,PUT 
NVDAX182614400.U,48.159,144.0,2026-12-18,13.55,13.75,13.81,PUT 
NVDAR182613000.U,52.607,130.0,2026-06-18,4.0,4.05,4.23,PUT 
NVDAA152704000.U,83.449,40.0,2027-01-15,135.3,139.05,142.33,CALL
NVDAF182600500.U,269.7218,5.0,2026-06-18,169.85,171.8,175.58,CALL
NVDAA212817500.U,49.2876,175.0,2028-01-21,51.6,52.0,51.78,CALL
NVDAO202628000.U,64.0314,280.0,2026-03-20,104.35,104.5,99.73,PUT 
NVDAF182615800.U,49.3375,158.0,2026-06-18,31.05,31.2,30.4,CALL
NVDAA212822000.U,48.2724,220.0,2028-01-21,36.2,36.55,35.73,CALL
NVDAC202637000.U,63.9089,370.0,2026-03-20,0.0,0.02,0.02,CALL
NVDAR182615600.U,48.5085,156.0,2026-06-18,10.35,10.45,9.28,PUT 
NVDAX182613000.U,49.353,130.0,2026-12-18,9.35,9.5,9.4,PUT 
NVDAX172712500.U,49.3643,125.0,2027-12-17,15.95,16.2,16.73,PUT 
NVDAE152625000.U,44.3125,250.0,2026-05-15,1.53,1.56,1.52,CALL
NVDAL182613200.U,51.211,132.0,2026-12-18,58.05,58.7,59.6,CALL
NVDAA152702500.U,107.674,25.0,2027-01-15,149.2,154.85,156.78,CALL
NVDAL172712500.U,52.3939,125.0,2027-12-17,75.5,76.05,75.15,CALL
NVDAF182614200.U,52.2083,142.0,2026-06-18,42.1,42.55,46.4,CALL
NVDAF182627500.U,45.5273,275.0,2026-06-18,1.52,1.55,1.45,CALL
NVDAA212811500.U,53.2718,115.0,2028-01-21,82.65,83.6,85.23,CALL
NVDAE152615000.U,50.2612,150.0,2026-05-15,33.65,33.85,33.8,CALL
NVDAF182602400.U,100.75,24.0,2026-06-18,150.05,154.15,156.65,CALL
NVDAM212812500.U,49.1422,125.0,2028-01-21,16.5,16.75,17.0,PUT 
NVDAR182615800.U,48.1875,158.0,2026-06-18,11.05,11.15,11.7,PUT 
NVDAG172615000.U,49.9263,150.0,2026-07-17,37.9,38.4,38.0,CALL
NVDAF182630000.U,46.2717,300.0,2026-06-18,0.82,0.85,0.84,CALL
NVDAF182601600.U,182.1833,16.0,2026-06-18,157.9,162.0,163.75,CALL
NVDAR182602000.U,121.4535,20.0,2026-06-18,0.0,0.03,0.03,PUT 
NVDAF182601200.U,175.4622,12.0,2026-06-18,161.85,165.95,168.55,CALL
NVDAR182601700.U,130.7034,17.0,2026-06-18,0.0,0.03,0.03,PUT 
NVDAL182614400.U,50.0731,144.0,2026-12-18,50.15,50.7,54.2,CALL
NVDAL182615000.U,49.5374,150.0,2026-12-18,46.5,46.75,46.44,CALL
NVDAR182619400.U,45.1997,194.0,2026-06-18,29.15,29.3,29.8,PUT 
NVDAR182602400.U,114.8409,24.0,2026-06-18,0.0,0.04,0.04,PUT 
NVDAR182600900.U,162.0127,9.0,2026-06-18,0.0,0.02,0.02,PUT 
NVDAL182611000.U,54.7017,110.0,2026-12-18,74.5,75.25,79.18,CALL
NVDAF182626500.U,45.4824,265.0,2026-06-18,1.97,2.0,1.85,CALL
NVDAX172714000.U,48.1864,140.0,2027-12-17,21.55,21.8,22.66,PUT 
NVDAF182629000.U,46.2859,290.0,2026-06-18,1.04,1.07,1.05,CALL
NVDAR182600600.U,185.3456,6.0,2026-06-18,0.0,0.02,0.02,PUT 
NVDAR182622500.U,43.9983,225.0,2026-06-18,52.35,53.1,49.1,PUT 
NVDAX182613500.U,49.0093,135.0,2026-12-18,10.75,10.9,11.42,PUT 
NVDAR182621300.U,44.1623,213.0,2026-06-18,42.85,43.05,39.65,PUT 
NVDAF182616400.U,48.85,164.0,2026-06-18,27.4,27.55,28.9,CALL
NVDAL182619500.U,46.7458,195.0,2026-12-18,25.1,25.25,25.15,CALL
NVDAR182600500.U,186.6733,5.0,2026-06-18,0.0,0.02,0.01,PUT 
NVDAX182619300.U,45.1516,193.0,2026-12-18,37.15,37.35,35.1,PUT 
NVDAF182622800.U,45.3132,228.0,2026-06-18,5.4,5.5,5.2,CALL
NVDAX152814500.U,46.9124,145.0,2028-12-15,29.15,29.6,29.36,PUT 
NVDAL172709000.U,56.7511,90.0,2027-12-17,98.95,100.05,99.3,CALL
NVDAL152818500.U,48.644,185.0,2028-12-15,58.4,58.9,58.1,CALL
NVDAX182611200.U,51.5889,112.0,2026-12-18,5.35,5.5,5.1,PUT 
NVDAF182600800.U,231.5466,8.0,2026-06-18,165.8,169.9,172.63,CALL
NVDAX172723000.U,45.1296,230.0,2027-12-17,73.2,73.65,70.95,PUT 
NVDAR182602600.U,112.8025,26.0,2026-06-18,0.01,0.03,0.03,PUT 
NVDAL182602900.U,102.777,29.0,2026-12-18,145.05,150.95,152.8,CALL
NVDAF182601300.U,182.0044,13.0,2026-06-18,160.85,164.95,167.63,CALL
NVDAL172715000.U,50.6995,150.0,2027-12-17,61.7,62.6,61.9,CALL
NVDAF182626000.U,45.1739,260.0,2026-06-18,2.25,2.29,2.27,CALL
NVDAR182602200.U,116.2033,22.0,2026-06-18,0.0,0.03,0.02,PUT 
NVDAM152710500.U,52.4129,105.0,2027-01-15,4.7,4.8,4.88,PUT 
NVDAM212816500.U,46.8365,165.0,2028-01-21,33.65,33.9,33.95,PUT 
NVDAL182613400.U,51.1796,134.0,2026-12-18,56.65,57.3,55.0,CALL
NVDAR182603100.U,104.5673,31.0,2026-06-18,0.02,0.04,0.04,PUT 
NVDAL182613500.U,51.4932,135.0,2026-12-18,56.0,56.65,55.75,CALL
NVDAM152707500.U,58.9396,75.0,2027-01-15,1.55,1.6,1.63,PUT 
NVDAM152726000.U,44.0752,260.0,2027-01-15,88.75,89.1,89.84,PUT 
NVDAF182624500.U,45.1703,245.0,2026-06-18,3.35,3.45,3.25,CALL
NVDAF182603000.U,153.4131,30.0,2026-06-18,144.25,148.15,149.47,CALL
NVDAP172637000.U,79.5352,370.0,2026-04-17,193.25,195.65,189.68,PUT 
NVDAA212813000.U,51.7712,130.0,2028-01-21,73.6,74.45,72.4,CALL
NVDAL182619300.U,46.7479,193.0,2026-12-18,25.8,26.0,25.45,CALL
NVDAA152706000.U,71.4357,60.0,2027-01-15,118.65,119.9,119.5,CALL
NVDAX172711000.U,50.1868,110.0,2027-12-17,11.35,11.5,11.55,PUT 
NVDAM152703500.U,76.8731,35.0,2027-01-15,0.21,0.25,0.24,PUT 
NVDAX182619400.U,45.1396,194.0,2026-12-18,37.75,38.05,35.7,PUT 
NVDAA152706500.U,71.9781,65.0,2027-01-15,114.1,115.3,111.52,CALL
NVDAI182623000.U,45.2724,230.0,2026-09-18,10.2,10.3,10.25,CALL
NVDAM302626000.U,391.1036,260.0,2026-01-30,,,,PUT
NVDAA152710000.U,57.5421,100.0,2027-01-15,83.3,84.4,83.57,CALL
NVDAF182602200.U,172.9021,22.0,2026-06-18,152.05,156.1,158.6,CALL
NVDAR182602700.U,111.9461,27.0,2026-06-18,0.01,0.03,0.03,PUT 
NVDAX182613800.U,48.9526,138.0,2026-12-18,11.65,11.8,11.67,PUT 
NVDAF182614600.U,51.273,146.0,2026-06-18,38.95,39.6,37.54,CALL
NVDAA152705500.U,74.158,55.0,2027-01-15,123.3,124.6,128.35,CALL
NVDAR182602100.U,115.2346,21.0,2026-06-18,0.0,0.02,0.02,PUT 
NVDAR172715000.U,47.6239,150.0,2027-06-17,21.2,21.4,21.4,PUT 
NVDAF182631000.U,46.6206,310.0,2026-06-18,0.65,0.67,0.62,CALL
NVDAR172715500.U,47.4565,155.0,2027-06-17,23.45,23.6,24.25,PUT 
NVDAM212817000.U,46.7423,170.0,2028-01-21,36.15,36.55,36.55,PUT 
NVDAT212615000.U,47.766,150.0,2026-08-21,11.05,11.15,11.1,PUT 
NVDAX182611000.U,51.8727,110.0,2026-12-18,5.05,5.15,5.47,PUT 
NVDAR182601800.U,127.4654,18.0,2026-06-18,0.0,0.03,0.03,PUT 
NVDAA302626500.U,250.3232,265.0,2026-01-30,,,,CALL
NVDAF182602100.U,142.4628,21.0,2026-06-18,152.65,157.4,159.7,CALL
NVDAI182615500.U,48.9191,155.0,2026-09-18,38.65,38.85,38.95,CALL
NVDAR182600700.U,168.5344,7.0,2026-06-18,0.0,0.01,0.01,PUT 
NVDAR182620500.U,44.3154,205.0,2026-06-18,36.8,37.0,37.29,PUT 
NVDAX182615500.U,47.3648,155.0,2026-12-18,17.7,17.85,18.1,PUT 
NVDAA152738000.U,47.1726,380.0,2027-01-15,2.61,2.66,2.51,CALL
NVDAX172729000.U,44.5407,290.0,2027-12-17,120.95,121.65,117.83,PUT 
NVDAX182615000.U,47.4927,150.0,2026-12-18,15.7,15.9,16.17,PUT 
NVDAX182613600.U,48.9148,136.0,2026-12-18,11.0,11.15,11.75,PUT 
NVDAF182602700.U,142.3484,27.0,2026-06-18,147.2,151.2,150.0,CALL
NVDAL182614000.U,50.6622,140.0,2026-12-18,52.65,53.3,52.65,CALL
NVDAE152624000.U,43.7191,240.0,2026-05-15,2.13,2.17,2.13,CALL
NVDAA152710500.U,55.891,105.0,2027-01-15,79.45,80.25,77.9,CALL
NVDAA212815000.U,50.8042,150.0,2028-01-21,62.9,63.75,62.65,CALL
NVDAX182614800.U,47.729,148.0,2026-12-18,15.0,15.15,15.25,PUT 
NVDAF182601900.U,153.4513,19.0,2026-06-18,155.05,159.05,161.7,CALL
NVDAX172710000.U,51.4596,100.0,2027-12-17,8.75,8.95,9.15,PUT 
NVDAL182619400.U,46.7468,194.0,2026-12-18,25.45,25.65,24.9,CALL
NVDAR182601000.U,156.0654,10.0,2026-06-18,0.0,0.02,0.02,PUT 
NVDAA152709500.U,59.0212,95.0,2027-01-15,87.5,88.6,85.65,CALL
NVDAL152814500.U,49.9512,145.0,2028-12-15,74.3,75.55,74.7,CALL
NVDAF182600900.U,223.4865,9.0,2026-06-18,164.5,169.25,171.65,CALL
NVDAR182601600.U,134.1522,16.0,2026-06-18,0.0,0.03,0.03,PUT 
NVDAA152707500.U,65.9952,75.0,2027-01-15,104.95,106.15,103.43,CALL
NVDAH212615500.U,48.3631,155.0,2026-08-21,36.8,36.95,36.51,CALL
NVDAF182600600.U,240.1356,6.0,2026-06-18,167.75,171.85,174.53,CALL
NVDAM152705000.U,68.5291,50.0,2027-01-15,0.5,0.55,0.53,PUT 
NVDAR182603000.U,107.0242,30.0,2026-06-18,0.02,0.04,0.04,PUT 
NVDAF182601100.U,218.6652,11.0,2026-06-18,162.85,166.95,169.78,CALL
NVDAF182601000.U,219.418,10.0,2026-06-18,163.95,167.85,170.7,CALL
NVDAF182600700.U,231.0491,7.0,2026-06-18,166.85,170.9,173.55,CALL
NVDAM212810500.U,50.5218,105.0,2028-01-21,10.4,10.65,10.15,PUT 
NVDAA152701000.U,154.4697,10.0,2027-01-15,163.55,169.25,170.23,CALL
NVDAL172729000.U,47.3444,290.0,2027-12-17,20.4,20.65,22.3,CALL
NVDAM212812000.U,49.6917,120.0,2028-01-21,14.85,15.05,15.15,PUT 
NVDAR182615500.U,48.7054,155.0,2026-06-18,10.0,10.1,10.27,PUT 
NVDAM152706500.U,62.5023,65.0,2027-01-15,1.02,1.07,1.11,PUT 
NVDAA152700500.U,188.006,5.0,2027-01-15,170.75,172.65,175.8,CALL
NVDAX182620000.U,45.1407,200.0,2026-12-18,41.6,41.85,43.72,PUT 
NVDAA152702000.U,117.5421,20.0,2027-01-15,155.4,158.3,160.5,CALL
NVDAL182613800.U,51.04,138.0,2026-12-18,54.0,54.6,58.18,CALL
NVDAM212811500.U,49.7611,115.0,2028-01-21,13.25,13.5,13.7,PUT 
NVDAF182601400.U,178.6594,14.0,2026-06-18,159.9,163.95,166.65,CALL
NVDAO202629000.U,68.4271,290.0,2026-03-20,114.3,114.5,109.73,PUT 
NVDAM152705500.U,65.9966,55.0,2027-01-15,0.66,0.7,0.71,PUT 
NVDAA152726000.U,46.0858,260.0,2027-01-15,11.0,11.15,10.91,CALL
NVDAL172713500.U,51.2763,135.0,2027-12-17,69.75,70.25,70.08,CALL
NVDAX182619500.U,45.1313,195.0,2026-12-18,38.4,38.65,36.25,PUT 
NVDAL172730000.U,47.4934,300.0,2027-12-17,18.95,19.25,18.94,CALL
NVDAF182625000.U,45.1374,250.0,2026-06-18,2.95,2.99,2.93,CALL
NVDAL182614200.U,50.3404,142.0,2026-12-18,51.35,51.95,50.5,CALL
NVDAX182602900.U,82.7786,29.0,2026-12-18,0.11,0.16,0.14,PUT 
NVDAA212816500.U,49.4663,165.0,2028-01-21,55.85,56.3,54.68,CALL
NVDAX152818500.U,45.7524,185.0,2028-12-15,50.25,50.85,51.36,PUT 
NVDAX172713500.U,48.4436,135.0,2027-12-17,19.6,19.85,18.93,PUT 
NVDAF182602000.U,151.5722,20.0,2026-06-18,154.05,158.0,160.73,CALL
NVDAF182623500.U,44.9003,235.0,2026-06-18,4.45,4.5,4.41,CALL
NVDAM152724000.U,44.0015,240.0,2027-01-15,71.95,72.25,68.85,PUT 
NVDAR182622600.U,44.0507,226.0,2026-06-18,53.2,53.8,49.93,PUT 
NVDAX182613400.U,49.1035,134.0,2026-12-18,10.45,10.6,10.23,PUT 
NVDAF172715000.U,50.1957,150.0,2027-06-17,54.65,55.0,53.25,CALL
NVDAF182622700.U,45.2335,227.0,2026-06-18,5.55,5.6,5.3,CALL
NVDAQ152623000.U,43.0802,230.0,2026-05-15,55.3,56.1,55.95,PUT 
NVDAD172637000.U,52.7735,370.0,2026-04-17,0.02,0.03,0.03,CALL
NVDAL182614800.U,49.5526,148.0,2026-12-18,47.7,47.95,46.5,CALL
NVDAL182613600.U,51.1488,136.0,2026-12-18,55.3,55.95,59.59,CALL
NVDAF172713000.U,51.9957,130.0,2027-06-17,66.4,67.1,65.3,CALL
NVDAF182601700.U,174.9243,17.0,2026-06-18,156.95,161.05,163.78,CALL
NVDAF182601800.U,175.6951,18.0,2026-06-18,155.95,160.05,162.85,CALL
NVDAM152702000.U,88.0902,20.0,2027-01-15,0.05,0.09,0.05,PUT 
NVDAA152711000.U,54.9131,110.0,2027-01-15,75.25,76.2,73.65,CALL
NVDAR182602300.U,117.1324,23.0,2026-06-18,0.0,0.04,0.04,PUT 
NVDAL172710000.U,54.9368,100.0,2027-12-17,91.75,92.8,90.6,CALL
NVDAL182615600.U,49.1681,156.0,2026-12-18,43.0,43.25,41.66,CALL
NVDAL172708000.U,58.9023,80.0,2027-12-17,106.5,107.6,106.02,CALL
NVDAR182631000.U,53.2643,310.0,2026-06-18,133.25,135.65,129.63,PUT 
NVDAL152811500.U,51.6313,115.0,2028-12-15,89.65,91.0,89.65,CALL
NVDAL182611200.U,54.4459,112.0,2026-12-18,72.9,73.65,77.58,CALL
NVDAE152609000.U,70.0811,90.0,2026-05-15,86.7,87.6,85.1,CALL
NVDAF182603300.U,133.024,33.0,2026-06-18,140.9,145.65,148.13,CALL
NVDAX172712000.U,49.7117,120.0,2027-12-17,14.3,14.6,14.85,PUT 
NVDAC202633000.U,58.1499,330.0,2026-03-20,0.01,0.03,0.02,CALL
NVDAA152731000.U,46.271,310.0,2027-01-15,5.8,5.95,5.78,CALL
NVDAQ152601500.U,154.1118,15.0,2026-05-15,0.0,0.02,0.02,PUT 
NVDAF182602800.U,138.9314,28.0,2026-06-18,146.15,150.25,152.95,CALL
NVDAM212815000.U,47.7869,150.0,2028-01-21,26.4,26.7,26.9,PUT 
NVDAM212813000.U,48.6607,130.0,2028-01-21,18.25,18.5,18.4,PUT 
NVDAL172712000.U,53.0541,120.0,2027-12-17,78.55,79.5,78.1,CALL
NVDAX172707000.U,55.0331,70.0,2027-12-17,3.35,3.5,3.5,PUT 
NVDAE152608000.U,75.7454,80.0,2026-05-15,96.3,97.35,101.48,CALL
NVDAR182603700.U,100.3343,37.0,2026-06-18,0.04,0.06,0.06,PUT 
NVDAF182638000.U,49.1091,380.0,2026-06-18,0.16,0.17,0.16,CALL
NVDAX182610000.U,53.7855,100.0,2026-12-18,3.55,3.65,3.66,PUT 
NVDAR182603300.U,102.0278,33.0,2026-06-18,0.03,0.05,0.03,PUT 
