expiry_str,expiry_date,strike,type,mark_iv,mark_price,underlying_price,open_interest,bid_price,ask_price,best_bid_price,best_ask_price,volume,instrument_name
10DEC25,2025-12-10,2700.0,C,103.93,0.133934,3116.1762272484975,0.0,,,,,0.0,ETH-10DEC25-2700-C
10DEC25,2025-12-10,2700.0,P,103.93,0.000356,3116.320529611898,231.0,0.0003,0.0004,,,138.0,ETH-10DEC25-2700-P
10DEC25,2025-12-10,2800.0,C,90.71,0.102214,3116.1762272484975,0.0,,0.1335,,,0.0,ETH-10DEC25-2800-C
10DEC25,2025-12-10,2800.0,P,90.71,0.000725,3116.1762272484975,250.0,0.0006,0.0009,,,23.0,ETH-10DEC25-2800-P
10DEC25,2025-12-10,2850.0,C,84.34,0.086525,3116.1762272484975,0.0,0.06,0.0985,,,0.0,ETH-10DEC25-2850-C
10DEC25,2025-12-10,2850.0,P,84.34,0.001081,3116.1762272484975,37.0,0.0009,0.0012,,,25.0,ETH-10DEC25-2850-P
10DEC25,2025-12-10,2900.0,C,79.02,0.07114,3116.1762272484975,0.0,0.0565,0.0725,,,0.0,ETH-10DEC25-2900-C
10DEC25,2025-12-10,2900.0,P,79.02,0.001741,3116.1762272484975,231.0,0.0015,0.002,,,191.0,ETH-10DEC25-2900-P
10DEC25,2025-12-10,2950.0,C,74.35,0.056267,3116.1762272484975,30.0,0.0505,0.0575,,,0.0,ETH-10DEC25-2950-C
10DEC25,2025-12-10,2950.0,P,74.35,0.002913,3116.1762272484975,172.0,0.0027,0.0032,,,154.0,ETH-10DEC25-2950-P
10DEC25,2025-12-10,2975.0,C,72.21,0.049124,3116.1762272484975,0.0,0.0465,0.0505,,,0.0,ETH-10DEC25-2975-C
10DEC25,2025-12-10,2975.0,P,72.21,0.003792,3116.819132609263,93.0,0.0035,0.0041,,,50.0,ETH-10DEC25-2975-P
10DEC25,2025-12-10,3000.0,C,70.77,0.042355,3116.1762272484975,0.0,0.0405,0.0435,,,0.0,ETH-10DEC25-3000-C
10DEC25,2025-12-10,3000.0,P,70.77,0.005046,3116.1762272484975,351.0,0.0047,0.0055,,,329.0,ETH-10DEC25-3000-P
10DEC25,2025-12-10,3025.0,C,68.59,0.035782,3116.1762272484975,1.0,0.034,0.037,,,2.0,ETH-10DEC25-3025-C
10DEC25,2025-12-10,3025.0,P,68.59,0.006495,3116.7791344515113,131.0,0.006,0.007,,,82.0,ETH-10DEC25-3025-P
10DEC25,2025-12-10,3050.0,C,67.26,0.029778,3116.1762272484975,216.0,0.029,0.0305,,,181.0,ETH-10DEC25-3050-C
10DEC25,2025-12-10,3050.0,P,67.26,0.008513,3116.1762272484975,111.0,0.008,0.009,,,17.0,ETH-10DEC25-3050-P
10DEC25,2025-12-10,3075.0,C,66.17,0.024313,3116.320529611898,72.0,0.0235,0.025,,,90.0,ETH-10DEC25-3075-C
10DEC25,2025-12-10,3075.0,P,66.17,0.011071,3116.1762272484975,138.0,0.0105,0.0115,,,151.0,ETH-10DEC25-3075-P
10DEC25,2025-12-10,3100.0,C,65.33,0.019464,3116.3805219421783,607.0,0.019,0.02,,,140.0,ETH-10DEC25-3100-C
10DEC25,2025-12-10,3100.0,P,65.33,0.014244,3116.1762272484975,774.0,0.0135,0.015,,,303.0,ETH-10DEC25-3100-P
10DEC25,2025-12-10,3125.0,C,64.72,0.015272,3116.1762272484975,95.0,0.0145,0.0155,,,96.0,ETH-10DEC25-3125-C
10DEC25,2025-12-10,3125.0,P,64.72,0.018074,3116.7791335303837,314.0,0.0175,0.0185,,,342.0,ETH-10DEC25-3125-P
10DEC25,2025-12-10,3150.0,C,64.27,0.011733,3116.1762272484975,525.0,0.011,0.012,,,528.0,ETH-10DEC25-3150-C
10DEC25,2025-12-10,3150.0,P,64.27,0.022558,3116.7791335303837,65.0,0.022,0.023,,,65.0,ETH-10DEC25-3150-P
10DEC25,2025-12-10,3175.0,C,64.48,0.008945,3116.7791335303837,356.0,0.0085,0.0095,,,368.0,ETH-10DEC25-3175-C
10DEC25,2025-12-10,3175.0,P,64.48,0.027793,3116.1762272484975,13.0,0.0265,0.029,,,13.0,ETH-10DEC25-3175-P
10DEC25,2025-12-10,3200.0,C,64.63,0.006682,3116.1762272484975,442.0,0.006,0.007,,,400.0,ETH-10DEC25-3200-C
10DEC25,2025-12-10,3200.0,P,64.63,0.033552,3116.1762272484975,18.0,0.032,0.0375,,,18.0,ETH-10DEC25-3200-P
10DEC25,2025-12-10,3250.0,C,65.26,0.003568,3116.320529611898,88.0,0.0033,0.0038,,,70.0,ETH-10DEC25-3250-C
10DEC25,2025-12-10,3250.0,P,65.26,0.046482,3116.1762272484975,0.0,0.039,0.055,,,0.0,ETH-10DEC25-3250-P
10DEC25,2025-12-10,3300.0,C,67.02,0.001901,3116.7791335303837,1621.0,0.0017,0.0021,,,1228.0,ETH-10DEC25-3300-C
10DEC25,2025-12-10,3300.0,P,67.02,0.06086,3116.1762272484975,0.0,0.04,0.1085,,,0.0,ETH-10DEC25-3300-P
10DEC25,2025-12-10,3400.0,C,71.9,0.000557,3116.1762272484975,106.0,0.0004,0.0006,,,19.0,ETH-10DEC25-3400-C
10DEC25,2025-12-10,3400.0,P,71.9,0.091607,3116.1762272484975,0.0,0.0001,,,,0.0,ETH-10DEC25-3400-P
11DEC25,2025-12-11,2600.0,C,111.09,0.166412,3116.028113624249,0.0,,,,,0.0,ETH-11DEC25-2600-C
11DEC25,2025-12-11,2600.0,P,111.09,0.000784,3116.028113624249,4.0,0.0006,0.0009,,,4.0,ETH-11DEC25-2600-P
11DEC25,2025-12-11,2700.0,C,101.6,0.134968,3116.028113624249,0.0,0.0945,0.1695,,,0.0,ETH-11DEC25-2700-C
11DEC25,2025-12-11,2700.0,P,101.6,0.001431,3116.028113624249,385.0,0.0013,0.0016,,,119.0,ETH-11DEC25-2700-P
11DEC25,2025-12-11,2800.0,C,92.92,0.104196,3116.028113624249,0.0,0.079,0.1255,,,0.0,ETH-11DEC25-2800-C
11DEC25,2025-12-11,2800.0,P,92.92,0.00275,3116.118114113023,600.0,0.0025,0.003,,,325.0,ETH-11DEC25-2800-P
11DEC25,2025-12-11,2850.0,C,88.67,0.089234,3116.028113624249,18.0,0.0705,0.1035,,,0.0,ETH-11DEC25-2850-C
11DEC25,2025-12-11,2850.0,P,88.67,0.003833,3116.028113624249,150.0,0.0036,0.0041,,,134.0,ETH-11DEC25-2850-P
11DEC25,2025-12-11,2900.0,C,84.9,0.074793,3116.028113624249,0.0,0.0625,0.0855,,,0.0,ETH-11DEC25-2900-C
11DEC25,2025-12-11,2900.0,P,84.9,0.005438,3116.028113624249,16.0,0.005,0.006,,,8.0,ETH-11DEC25-2900-P
11DEC25,2025-12-11,2950.0,C,81.76,0.06113,3116.028113624249,4.0,0.052,0.0685,,,0.0,ETH-11DEC25-2950-C
11DEC25,2025-12-11,2950.0,P,81.76,0.007821,3116.028113624249,148.0,0.0075,0.008,,,111.0,ETH-11DEC25-2950-P
11DEC25,2025-12-11,3000.0,C,79.34,0.048563,3116.175264805949,3.0,0.042,0.051,,,0.0,ETH-11DEC25-3000-C
11DEC25,2025-12-11,3000.0,P,79.34,0.011299,3116.028113624249,157.0,0.011,0.0115,,,166.0,ETH-11DEC25-3000-P
11DEC25,2025-12-11,3025.0,C,78.37,0.042784,3116.028113624249,2.0,0.041,0.044,,,0.0,ETH-11DEC25-3025-C
11DEC25,2025-12-11,3025.0,P,78.37,0.013543,3116.028113624249,18.0,0.013,0.014,,,10.0,ETH-11DEC25-3025-P
11DEC25,2025-12-11,3050.0,C,77.55,0.03739,3116.175264805949,41.0,0.0365,0.038,,,1.0,ETH-11DEC25-3050-C
11DEC25,2025-12-11,3050.0,P,77.55,0.016172,3116.175264805949,174.0,0.0155,0.0165,,,113.0,ETH-11DEC25-3050-P
11DEC25,2025-12-11,3075.0,C,76.82,0.032392,3116.175264805949,91.0,0.0315,0.033,,,45.0,ETH-11DEC25-3075-C
11DEC25,2025-12-11,3075.0,P,76.82,0.019197,3116.028113624249,361.0,0.0185,0.0195,,,351.0,ETH-11DEC25-3075-P
11DEC25,2025-12-11,3100.0,C,76.21,0.027819,3116.175264805949,162.0,0.027,0.0285,,,23.0,ETH-11DEC25-3100-C
11DEC25,2025-12-11,3100.0,P,76.21,0.022647,3116.175264805949,164.0,0.022,0.023,,,164.0,ETH-11DEC25-3100-P
11DEC25,2025-12-11,3125.0,C,75.74,0.023695,3116.028113624249,34.0,0.023,0.024,,,34.0,ETH-11DEC25-3125-C
11DEC25,2025-12-11,3125.0,P,75.74,0.026545,3116.175264805949,585.0,0.026,0.027,,,650.0,ETH-11DEC25-3125-P
11DEC25,2025-12-11,3150.0,C,75.43,0.020028,3116.028113624249,198.0,0.0195,0.0205,,,75.0,ETH-11DEC25-3150-C
11DEC25,2025-12-11,3150.0,P,75.43,0.030901,3116.118114113023,472.0,0.03,0.0315,,,419.0,ETH-11DEC25-3150-P
11DEC25,2025-12-11,3175.0,C,75.42,0.016859,3116.028113624249,148.0,0.016,0.017,,,148.0,ETH-11DEC25-3175-C
11DEC25,2025-12-11,3175.0,P,75.42,0.035755,3116.175264805949,117.0,0.0345,0.0365,,,117.0,ETH-11DEC25-3175-P
11DEC25,2025-12-11,3200.0,C,75.48,0.014091,3116.028113624249,545.0,0.0135,0.0145,,,552.0,ETH-11DEC25-3200-C
11DEC25,2025-12-11,3200.0,P,75.48,0.04101,3116.028113624249,1.0,0.037,0.0475,,,1.0,ETH-11DEC25-3200-P
11DEC25,2025-12-11,3250.0,C,75.56,0.009596,3116.028113624249,448.0,0.009,0.01,,,446.0,ETH-11DEC25-3250-C
11DEC25,2025-12-11,3250.0,P,75.56,0.052561,3116.028113624249,0.0,0.046,0.0615,,,0.0,ETH-11DEC25-3250-P
11DEC25,2025-12-11,3300.0,C,75.77,0.006348,3116.175264805949,386.0,0.006,0.0065,,,275.0,ETH-11DEC25-3300-C
11DEC25,2025-12-11,3300.0,P,75.77,0.065358,3116.028113624249,0.0,0.0525,0.08,,,0.0,ETH-11DEC25-3300-P
11DEC25,2025-12-11,3400.0,C,77.53,0.002712,3116.028113624249,224.0,0.0025,0.0029,,,118.0,ETH-11DEC25-3400-C
11DEC25,2025-12-11,3400.0,P,77.53,0.093813,3116.028113624249,0.0,0.0455,0.1515,,,0.0,ETH-11DEC25-3400-P
11DEC25,2025-12-11,3500.0,C,80.32,0.001159,3116.028113624249,153.0,0.001,0.0013,,,164.0,ETH-11DEC25-3500-C
11DEC25,2025-12-11,3500.0,P,80.32,0.124352,3116.028113624249,0.0,0.075,0.1815,,,0.0,ETH-11DEC25-3500-P
12DEC25,2025-12-12,2000.0,C,163.02,0.358233,3115.99,3.0,0.3365,0.37,,,0.0,ETH-12DEC25-2000-C
12DEC25,2025-12-12,2000.0,P,163.02,0.000106,3115.99,13603.0,,0.0002,,,230.0,ETH-12DEC25-2000-P
12DEC25,2025-12-12,2200.0,C,137.73,0.294118,3115.96,0.0,0.266,0.317,,,0.0,ETH-12DEC25-2200-C
12DEC25,2025-12-12,2200.0,P,137.73,0.000179,3115.99,7973.0,0.0001,0.0003,,,19.0,ETH-12DEC25-2200-P
12DEC25,2025-12-12,2400.0,C,120.05,0.230232,3115.99,7.0,,0.2625,,,0.0,ETH-12DEC25-2400-C
12DEC25,2025-12-12,2400.0,P,120.05,0.00048,3115.99,6305.0,0.0004,0.0006,,,213.0,ETH-12DEC25-2400-P
12DEC25,2025-12-12,2500.0,C,112.14,0.198489,3115.99,15.0,,0.238,,,0.0,ETH-12DEC25-2500-C
12DEC25,2025-12-12,2500.0,P,112.14,0.000831,3115.99,4840.0,0.0007,0.001,,,208.0,ETH-12DEC25-2500-P
12DEC25,2025-12-12,2600.0,C,103.53,0.166947,3115.99,1118.0,0.165,0.168,,,19.0,ETH-12DEC25-2600-C
12DEC25,2025-12-12,2600.0,P,103.53,0.001382,3115.99,2876.0,0.0013,0.0016,,,324.0,ETH-12DEC25-2600-P
12DEC25,2025-12-12,2650.0,C,100.29,0.151404,3115.99,30.0,,0.191,,,0.0,ETH-12DEC25-2650-C
12DEC25,2025-12-12,2650.0,P,100.29,0.001886,3115.99,1810.0,0.0018,0.002,,,54.0,ETH-12DEC25-2650-P
12DEC25,2025-12-12,2700.0,C,96.18,0.135935,3115.99,575.0,0.134,0.137,,,0.0,ETH-12DEC25-2700-C
12DEC25,2025-12-12,2700.0,P,96.18,0.002464,3115.99,6450.0,0.0024,0.0026,,,177.0,ETH-12DEC25-2700-P
12DEC25,2025-12-12,2750.0,C,92.49,0.120709,3115.99,717.0,0.119,0.1215,,,0.0,ETH-12DEC25-2750-C
12DEC25,2025-12-12,2750.0,P,92.49,0.003284,3115.99,1995.0,0.0032,0.0035,,,61.0,ETH-12DEC25-2750-P
12DEC25,2025-12-12,2800.0,C,88.68,0.105732,3115.99,1846.0,0.104,0.107,,,46.0,ETH-12DEC25-2800-C
12DEC25,2025-12-12,2800.0,P,88.68,0.004355,3115.99,4348.0,0.0042,0.0046,,,225.0,ETH-12DEC25-2800-P
12DEC25,2025-12-12,2850.0,C,85.55,0.09125,3115.99,636.0,0.0895,0.0925,,,0.0,ETH-12DEC25-2850-C
12DEC25,2025-12-12,2850.0,P,85.55,0.005919,3115.99,1513.0,0.0055,0.0065,,,159.0,ETH-12DEC25-2850-P
12DEC25,2025-12-12,2900.0,C,82.66,0.077344,3115.99,1370.0,0.0755,0.0785,,,19.0,ETH-12DEC25-2900-C
12DEC25,2025-12-12,2900.0,P,82.66,0.008061,3115.99,13975.0,0.0075,0.0085,,,162.0,ETH-12DEC25-2900-P
12DEC25,2025-12-12,2950.0,C,80.74,0.064414,3115.99,859.0,0.0625,0.0655,,,68.0,ETH-12DEC25-2950-C
12DEC25,2025-12-12,2950.0,P,80.74,0.011177,3115.99,3536.0,0.0105,0.0115,,,293.0,ETH-12DEC25-2950-P
12DEC25,2025-12-12,3000.0,C,78.79,0.052408,3115.99,8139.0,0.0515,0.0535,,,43.0,ETH-12DEC25-3000-C
12DEC25,2025-12-12,3000.0,P,78.79,0.015218,3115.99,3707.0,0.015,0.0155,,,844.0,ETH-12DEC25-3000-P
12DEC25,2025-12-12,3050.0,C,77.2,0.041635,3115.96,2030.0,0.041,0.0425,,,492.0,ETH-12DEC25-3050-C
12DEC25,2025-12-12,3050.0,P,77.2,0.020492,3115.99,13448.0,0.02,0.021,,,2112.0,ETH-12DEC25-3050-P
12DEC25,2025-12-12,3100.0,C,76.23,0.032361,3115.99,18929.0,0.032,0.033,,,572.0,ETH-12DEC25-3100-C
12DEC25,2025-12-12,3100.0,P,76.23,0.02725,3115.99,17016.0,0.0265,0.028,,,2038.0,ETH-12DEC25-3100-P
12DEC25,2025-12-12,3150.0,C,75.32,0.024472,3115.99,4047.0,0.024,0.025,,,349.0,ETH-12DEC25-3150-C
12DEC25,2025-12-12,3150.0,P,75.32,0.035405,3115.99,2818.0,0.0345,0.036,,,506.0,ETH-12DEC25-3150-P
12DEC25,2025-12-12,3200.0,C,75.07,0.018189,3115.99,3568.0,0.0175,0.0185,,,172.0,ETH-12DEC25-3200-C
12DEC25,2025-12-12,3200.0,P,75.07,0.045186,3115.96,5084.0,0.044,0.046,,,178.0,ETH-12DEC25-3200-P
12DEC25,2025-12-12,3250.0,C,75.09,0.013263,3115.99,4816.0,0.0125,0.0135,,,1221.0,ETH-12DEC25-3250-C
12DEC25,2025-12-12,3250.0,P,75.09,0.056307,3115.99,317.0,0.055,0.057,,,61.0,ETH-12DEC25-3250-P
12DEC25,2025-12-12,3300.0,C,75.46,0.009549,3115.96,6391.0,0.009,0.01,,,2496.0,ETH-12DEC25-3300-C
12DEC25,2025-12-12,3300.0,P,75.46,0.06864,3115.99,193.0,0.0675,0.071,,,97.0,ETH-12DEC25-3300-P
12DEC25,2025-12-12,3350.0,C,75.81,0.006746,3115.99,592.0,0.0065,0.007,,,343.0,ETH-12DEC25-3350-C
12DEC25,2025-12-12,3350.0,P,75.81,0.081878,3115.99,0.0,0.0615,0.1375,,,0.0,ETH-12DEC25-3350-P
12DEC25,2025-12-12,3400.0,C,77.18,0.004881,3115.99,15632.0,0.0046,0.0055,,,2896.0,ETH-12DEC25-3400-C
12DEC25,2025-12-12,3400.0,P,77.18,0.096066,3115.99,47.0,0.068,0.151,,,0.0,ETH-12DEC25-3400-P
12DEC25,2025-12-12,3600.0,C,83.26,0.001355,3115.99,6051.0,0.0012,0.0015,,,2441.0,ETH-12DEC25-3600-C
12DEC25,2025-12-12,3600.0,P,83.26,0.156727,3115.99,106.0,0.154,0.159,,,0.0,ETH-12DEC25-3600-P
12DEC25,2025-12-12,3800.0,C,93.63,0.000552,3115.99,8171.0,0.0005,0.0006,,,1007.0,ETH-12DEC25-3800-C
12DEC25,2025-12-12,3800.0,P,93.63,0.220111,3115.99,8.0,,,,,0.0,ETH-12DEC25-3800-P
12DEC25,2025-12-12,3900.0,C,96.56,0.000315,3115.99,18.0,0.0003,0.0004,,,17.0,ETH-12DEC25-3900-C
12DEC25,2025-12-12,3900.0,P,96.56,0.251968,3115.99,0.0,,,,,0.0,ETH-12DEC25-3900-P
12DEC25,2025-12-12,4000.0,C,101.93,0.000228,3115.99,130.0,0.0002,0.0003,,,30.0,ETH-12DEC25-4000-C
12DEC25,2025-12-12,4000.0,P,101.93,0.283974,3115.99,0.0,,,,,0.0,ETH-12DEC25-4000-P
12DEC25,2025-12-12,4100.0,C,108.98,0.000198,3115.99,468.0,0.0001,0.0003,,,28.0,ETH-12DEC25-4100-C
12DEC25,2025-12-12,4100.0,P,108.98,0.316039,3115.99,0.0,,,,,0.0,ETH-12DEC25-4100-P
12DEC25,2025-12-12,4200.0,C,109.04,9.7e-05,3115.99,245.0,,0.0002,,,11249.0,ETH-12DEC25-4200-C
12DEC25,2025-12-12,4200.0,P,109.04,0.348031,3115.99,0.0,,,,,0.0,ETH-12DEC25-4200-P
19DEC25,2025-12-19,2200.0,C,110.23,0.296209,3117.42,0.0,0.2705,0.313,,,0.0,ETH-19DEC25-2200-C
19DEC25,2025-12-19,2200.0,P,110.23,0.001902,3117.42,2926.0,0.0018,0.0021,,,23.0,ETH-19DEC25-2200-P
19DEC25,2025-12-19,2400.0,C,97.8,0.233724,3117.42,0.0,0.203,0.2545,,,0.0,ETH-19DEC25-2400-C
19DEC25,2025-12-19,2400.0,P,97.8,0.003572,3117.42,3462.0,0.0034,0.0038,,,420.0,ETH-19DEC25-2400-P
19DEC25,2025-12-19,2600.0,C,87.31,0.173192,3117.42,18.0,0.151,0.1845,,,0.0,ETH-19DEC25-2600-C
19DEC25,2025-12-19,2600.0,P,87.31,0.007194,3117.42,2632.0,0.007,0.0075,,,93.0,ETH-19DEC25-2600-P
19DEC25,2025-12-19,2650.0,C,85.07,0.158628,3117.42,18.0,0.14,0.1665,,,0.0,ETH-19DEC25-2650-C
19DEC25,2025-12-19,2650.0,P,85.07,0.008669,3117.42,869.0,0.0085,0.009,,,52.0,ETH-19DEC25-2650-P
19DEC25,2025-12-19,2700.0,C,83.14,0.144451,3117.42,277.0,0.1425,0.1455,,,18.0,ETH-19DEC25-2700-C
19DEC25,2025-12-19,2700.0,P,83.14,0.010529,3117.42,715.0,0.01,0.011,,,60.0,ETH-19DEC25-2700-P
19DEC25,2025-12-19,2750.0,C,81.07,0.130565,3117.42,99.0,0.119,0.133,,,0.0,ETH-19DEC25-2750-C
19DEC25,2025-12-19,2750.0,P,81.07,0.012682,3117.42,1204.0,0.0125,0.013,,,240.0,ETH-19DEC25-2750-P
19DEC25,2025-12-19,2800.0,C,79.32,0.117211,3117.42,606.0,0.1155,0.1185,,,0.0,ETH-19DEC25-2800-C
19DEC25,2025-12-19,2800.0,P,79.32,0.015367,3117.42,1803.0,0.015,0.016,,,21.0,ETH-19DEC25-2800-P
19DEC25,2025-12-19,2850.0,C,77.89,0.104502,3117.42,273.0,0.1025,0.1055,,,0.0,ETH-19DEC25-2850-C
19DEC25,2025-12-19,2850.0,P,77.89,0.018696,3117.42,500.0,0.0185,0.019,,,85.0,ETH-19DEC25-2850-P
19DEC25,2025-12-19,2900.0,C,76.45,0.092343,3117.42,577.0,0.0905,0.0935,,,0.0,ETH-19DEC25-2900-C
19DEC25,2025-12-19,2900.0,P,76.45,0.022576,3117.42,898.0,0.0225,0.023,,,26.0,ETH-19DEC25-2900-P
19DEC25,2025-12-19,2950.0,C,75.31,0.080998,3117.42,1757.0,0.08,0.0815,,,10.0,ETH-19DEC25-2950-C
19DEC25,2025-12-19,2950.0,P,75.31,0.027286,3117.45,1328.0,0.027,0.0275,,,502.0,ETH-19DEC25-2950-P
19DEC25,2025-12-19,3000.0,C,74.26,0.070409,3117.42,255.0,0.0695,0.071,,,11.0,ETH-19DEC25-3000-C
19DEC25,2025-12-19,3000.0,P,74.26,0.032718,3117.42,523.0,0.0325,0.033,,,116.0,ETH-19DEC25-3000-P
19DEC25,2025-12-19,3050.0,C,73.41,0.060711,3117.42,1722.0,0.06,0.0615,,,378.0,ETH-19DEC25-3050-C
19DEC25,2025-12-19,3050.0,P,73.41,0.039082,3117.45,884.0,0.0385,0.0395,,,179.0,ETH-19DEC25-3050-P
19DEC25,2025-12-19,3100.0,C,72.66,0.051854,3117.45,2109.0,0.0515,0.0525,,,267.0,ETH-19DEC25-3100-C
19DEC25,2025-12-19,3100.0,P,72.66,0.046265,3117.42,2871.0,0.046,0.047,,,662.0,ETH-19DEC25-3100-P
19DEC25,2025-12-19,3150.0,C,72.1,0.043973,3117.45,2335.0,0.0435,0.0445,,,673.0,ETH-19DEC25-3150-C
19DEC25,2025-12-19,3150.0,P,72.1,0.054421,3117.42,540.0,0.054,0.055,,,480.0,ETH-19DEC25-3150-P
19DEC25,2025-12-19,3200.0,C,71.72,0.037041,3117.45,1707.0,0.0365,0.0375,,,587.0,ETH-19DEC25-3200-C
19DEC25,2025-12-19,3200.0,P,71.72,0.063557,3117.45,1237.0,0.063,0.064,,,757.0,ETH-19DEC25-3200-P
19DEC25,2025-12-19,3250.0,C,71.72,0.031174,3117.42,255.0,0.0305,0.0315,,,143.0,ETH-19DEC25-3250-C
19DEC25,2025-12-19,3250.0,P,71.72,0.073676,3117.45,434.0,0.073,0.0745,,,314.0,ETH-19DEC25-3250-P
19DEC25,2025-12-19,3300.0,C,71.73,0.02603,3117.42,3910.0,0.0255,0.0265,,,3132.0,ETH-19DEC25-3300-C
19DEC25,2025-12-19,3300.0,P,71.73,0.084608,3117.45,357.0,0.0835,0.085,,,189.0,ETH-19DEC25-3300-P
19DEC25,2025-12-19,3350.0,C,71.74,0.021569,3117.45,141.0,0.021,0.022,,,80.0,ETH-19DEC25-3350-C
19DEC25,2025-12-19,3350.0,P,71.74,0.096162,3117.42,86.0,0.095,0.097,,,35.0,ETH-19DEC25-3350-P
19DEC25,2025-12-19,3400.0,C,71.75,0.017771,3117.42,1827.0,0.017,0.018,,,176.0,ETH-19DEC25-3400-C
19DEC25,2025-12-19,3400.0,P,71.75,0.108388,3117.42,41.0,0.107,0.122,,,0.0,ETH-19DEC25-3400-P
19DEC25,2025-12-19,3500.0,C,72.12,0.011955,3117.42,1192.0,0.0115,0.0125,,,527.0,ETH-19DEC25-3500-C
19DEC25,2025-12-19,3500.0,P,72.12,0.13465,3117.42,29.0,0.1075,0.179,,,0.0,ETH-19DEC25-3500-P
19DEC25,2025-12-19,3600.0,C,72.92,0.008037,3117.42,2103.0,0.0075,0.0085,,,279.0,ETH-19DEC25-3600-C
19DEC25,2025-12-19,3600.0,P,72.92,0.162809,3117.42,2.0,0.126,0.199,,,0.0,ETH-19DEC25-3600-P
19DEC25,2025-12-19,3800.0,C,75.56,0.003745,3117.42,3766.0,0.0036,0.004,,,818.0,ETH-19DEC25-3800-C
19DEC25,2025-12-19,3800.0,P,75.56,0.222671,3117.42,0.0,,0.2875,,,0.0,ETH-19DEC25-3800-P
19DEC25,2025-12-19,3900.0,C,77.31,0.002633,3117.42,443.0,0.0025,0.0028,,,414.0,ETH-19DEC25-3900-C
19DEC25,2025-12-19,3900.0,P,77.31,0.253636,3117.42,0.0,,,,,0.0,ETH-19DEC25-3900-P
19DEC25,2025-12-19,4000.0,C,79.19,0.001887,3117.42,1421.0,0.0017,0.002,,,101.0,ETH-19DEC25-4000-C
19DEC25,2025-12-19,4000.0,P,79.19,0.284967,3117.42,0.0,,,,,0.0,ETH-19DEC25-4000-P
19DEC25,2025-12-19,4100.0,C,80.39,0.001298,3117.42,32.0,0.0011,0.0015,,,16.0,ETH-19DEC25-4100-C
19DEC25,2025-12-19,4100.0,P,80.39,0.316454,3117.42,0.0,,,,,0.0,ETH-19DEC25-4100-P
19DEC25,2025-12-19,4200.0,C,82.28,0.00095,3117.42,59.0,0.0008,0.0012,,,36.0,ETH-19DEC25-4200-C
19DEC25,2025-12-19,4200.0,P,82.28,0.348184,3117.42,0.0,,,,,0.0,ETH-19DEC25-4200-P
26DEC25,2025-12-26,500.0,C,172.97,0.839697,3119.21,1368.0,0.839,0.8405,,,5.0,ETH-26DEC25-500-C
26DEC25,2025-12-26,500.0,P,172.97,0.0,3119.18,13051.0,,0.0001,,,0.0,ETH-26DEC25-500-P
26DEC25,2025-12-26,1000.0,C,172.8,0.679474,3119.18,1419.0,0.6785,0.6805,,,5.0,ETH-26DEC25-1000-C
26DEC25,2025-12-26,1000.0,P,172.8,7.9e-05,3119.21,12112.0,,0.0002,,,48.0,ETH-26DEC25-1000-P
26DEC25,2025-12-26,1200.0,C,157.33,0.61545,3119.21,624.0,0.6145,0.6165,,,0.0,ETH-26DEC25-1200-C
26DEC25,2025-12-26,1200.0,P,157.33,0.000176,3119.18,5013.0,,0.0003,,,0.0,ETH-26DEC25-1200-P
26DEC25,2025-12-26,1300.0,C,148.04,0.583433,3119.18,68.0,0.5785,0.5845,,,0.0,ETH-26DEC25-1300-C
26DEC25,2025-12-26,1300.0,P,148.04,0.00022,3119.18,4339.0,0.0002,0.0004,,,4922.0,ETH-26DEC25-1300-P
26DEC25,2025-12-26,1400.0,C,142.06,0.55148,3119.18,244.0,0.5505,0.5525,,,0.0,ETH-26DEC25-1400-C
26DEC25,2025-12-26,1400.0,P,142.06,0.000328,3119.18,2057.0,0.0003,0.0005,,,11.0,ETH-26DEC25-1400-P
26DEC25,2025-12-26,1500.0,C,134.99,0.519531,3119.21,1779.0,0.5185,0.5205,,,0.0,ETH-26DEC25-1500-C
26DEC25,2025-12-26,1500.0,P,134.99,0.000438,3119.18,7357.0,0.0004,0.0006,,,20.0,ETH-26DEC25-1500-P
26DEC25,2025-12-26,1600.0,C,129.84,0.487675,3119.18,1091.0,0.4865,0.489,,,0.0,ETH-26DEC25-1600-C
26DEC25,2025-12-26,1600.0,P,129.84,0.000643,3119.21,8278.0,0.0005,0.0008,,,21.0,ETH-26DEC25-1600-P
26DEC25,2025-12-26,1700.0,C,124.34,0.45587,3119.21,952.0,0.4545,0.457,,,0.0,ETH-26DEC25-1700-C
26DEC25,2025-12-26,1700.0,P,124.34,0.000899,3119.21,8740.0,0.0008,0.0011,,,1.0,ETH-26DEC25-1700-P
26DEC25,2025-12-26,1800.0,C,118.76,0.424134,3119.18,1884.0,0.4235,0.4255,,,0.0,ETH-26DEC25-1800-C
26DEC25,2025-12-26,1800.0,P,118.76,0.001223,3119.21,12090.0,0.0011,0.0014,,,3.0,ETH-26DEC25-1800-P
26DEC25,2025-12-26,1900.0,C,113.27,0.392493,3119.18,2648.0,0.391,0.3935,,,0.0,ETH-26DEC25-1900-C
26DEC25,2025-12-26,1900.0,P,113.27,0.001643,3119.18,9099.0,0.0016,0.0018,,,10.0,ETH-26DEC25-1900-P
26DEC25,2025-12-26,2000.0,C,108.56,0.361058,3119.18,37397.0,0.3595,0.3625,,,1.0,ETH-26DEC25-2000-C
26DEC25,2025-12-26,2000.0,P,108.56,0.002269,3119.18,14854.0,0.0022,0.0024,,,50.0,ETH-26DEC25-2000-P
26DEC25,2025-12-26,2200.0,C,98.36,0.29866,3119.18,3909.0,0.297,0.3,,,18.0,ETH-26DEC25-2200-C
26DEC25,2025-12-26,2200.0,P,98.36,0.003991,3119.21,16492.0,0.0038,0.0042,,,304.0,ETH-26DEC25-2200-P
26DEC25,2025-12-26,2400.0,C,89.53,0.237767,3119.18,6012.0,0.236,0.2395,,,72.0,ETH-26DEC25-2400-C
26DEC25,2025-12-26,2400.0,P,89.53,0.00722,3119.18,23243.0,0.007,0.0075,,,159.0,ETH-26DEC25-2400-P
26DEC25,2025-12-26,2500.0,C,85.53,0.208238,3119.18,5404.0,0.2065,0.2095,,,0.0,ETH-26DEC25-2500-C
26DEC25,2025-12-26,2500.0,P,85.53,0.009751,3119.18,30191.0,0.0095,0.01,,,540.0,ETH-26DEC25-2500-P
26DEC25,2025-12-26,2600.0,C,81.77,0.179598,3119.21,4502.0,0.178,0.1805,,,1.0,ETH-26DEC25-2600-C
26DEC25,2025-12-26,2600.0,P,81.77,0.013172,3119.18,15529.0,0.013,0.0135,,,269.0,ETH-26DEC25-2600-P
26DEC25,2025-12-26,2700.0,C,78.7,0.152378,3119.21,245.0,0.1505,0.1535,,,0.0,ETH-26DEC25-2700-C
26DEC25,2025-12-26,2700.0,P,78.7,0.018012,3119.18,4576.0,0.0175,0.0185,,,809.0,ETH-26DEC25-2700-P
26DEC25,2025-12-26,2800.0,C,75.96,0.126804,3119.18,10744.0,0.125,0.128,,,1.0,ETH-26DEC25-2800-C
26DEC25,2025-12-26,2800.0,P,75.96,0.024499,3119.18,18387.0,0.024,0.025,,,351.0,ETH-26DEC25-2800-P
26DEC25,2025-12-26,2900.0,C,73.85,0.103503,3119.18,3738.0,0.1025,0.1045,,,0.0,ETH-26DEC25-2900-C
26DEC25,2025-12-26,2900.0,P,73.85,0.033258,3119.21,5199.0,0.033,0.0335,,,140.0,ETH-26DEC25-2900-P
26DEC25,2025-12-26,3000.0,C,72.16,0.082741,3119.21,43538.0,0.082,0.0835,,,2367.0,ETH-26DEC25-3000-C
26DEC25,2025-12-26,3000.0,P,72.16,0.044557,3119.18,24860.0,0.044,0.045,,,2265.0,ETH-26DEC25-3000-P
26DEC25,2025-12-26,3100.0,C,70.89,0.064803,3119.18,4271.0,0.0645,0.0655,,,68.0,ETH-26DEC25-3100-C
26DEC25,2025-12-26,3100.0,P,70.89,0.058679,3119.21,5073.0,0.058,0.0595,,,441.0,ETH-26DEC25-3100-P
26DEC25,2025-12-26,3200.0,C,70.08,0.049859,3119.18,21396.0,0.0495,0.0505,,,966.0,ETH-26DEC25-3200-C
26DEC25,2025-12-26,3200.0,P,70.08,0.075796,3119.21,22981.0,0.0755,0.0765,,,872.0,ETH-26DEC25-3200-P
26DEC25,2025-12-26,3300.0,C,69.55,0.037694,3119.18,3583.0,0.037,0.038,,,570.0,ETH-26DEC25-3300-C
26DEC25,2025-12-26,3300.0,P,69.55,0.095692,3119.21,4824.0,0.0945,0.0965,,,182.0,ETH-26DEC25-3300-P
26DEC25,2025-12-26,3400.0,C,69.56,0.028304,3119.21,12709.0,0.0275,0.0285,,,456.0,ETH-26DEC25-3400-C
26DEC25,2025-12-26,3400.0,P,69.56,0.118362,3119.18,12239.0,0.1175,0.119,,,25.0,ETH-26DEC25-3400-P
26DEC25,2025-12-26,3500.0,C,69.61,0.020943,3119.18,24553.0,0.0205,0.021,,,10721.0,ETH-26DEC25-3500-C
26DEC25,2025-12-26,3500.0,P,69.61,0.143061,3119.18,17570.0,0.1415,0.145,,,20.0,ETH-26DEC25-3500-P
26DEC25,2025-12-26,3600.0,C,69.86,0.015392,3119.21,15739.0,0.015,0.016,,,3754.0,ETH-26DEC25-3600-C
26DEC25,2025-12-26,3600.0,P,69.86,0.169571,3119.18,9429.0,0.167,0.172,,,0.0,ETH-26DEC25-3600-P
26DEC25,2025-12-26,3700.0,C,70.42,0.011338,3119.21,10692.0,0.011,0.0115,,,2328.0,ETH-26DEC25-3700-C
26DEC25,2025-12-26,3700.0,P,70.42,0.197578,3119.18,8334.0,0.195,0.201,,,5.0,ETH-26DEC25-3700-P
26DEC25,2025-12-26,3800.0,C,71.11,0.008362,3119.18,14431.0,0.008,0.0085,,,17.0,ETH-26DEC25-3800-C
26DEC25,2025-12-26,3800.0,P,71.11,0.226662,3119.18,7898.0,0.223,0.2295,,,0.0,ETH-26DEC25-3800-P
26DEC25,2025-12-26,3900.0,C,71.91,0.006186,3119.21,4887.0,0.006,0.0065,,,28.0,ETH-26DEC25-3900-C
26DEC25,2025-12-26,3900.0,P,71.91,0.256546,3119.18,2213.0,0.253,0.2595,,,0.0,ETH-26DEC25-3900-P
26DEC25,2025-12-26,4000.0,C,73.02,0.004662,3119.21,64458.0,0.0045,0.0048,,,173.0,ETH-26DEC25-4000-C
26DEC25,2025-12-26,4000.0,P,73.02,0.287083,3119.18,12985.0,0.2835,0.29,,,0.0,ETH-26DEC25-4000-P
26DEC25,2025-12-26,4100.0,C,74.11,0.003524,3119.18,5225.0,0.0034,0.0037,,,221.0,ETH-26DEC25-4100-C
26DEC25,2025-12-26,4100.0,P,74.11,0.318006,3119.18,3203.0,0.3145,0.3205,,,0.0,ETH-26DEC25-4100-P
26DEC25,2025-12-26,4200.0,C,74.96,0.00263,3119.21,31391.0,0.0026,0.0028,,,3198.0,ETH-26DEC25-4200-C
26DEC25,2025-12-26,4200.0,P,74.96,0.349173,3119.18,3483.0,0.3455,0.3525,,,0.0,ETH-26DEC25-4200-P
26DEC25,2025-12-26,4300.0,C,75.68,0.001948,3119.18,5163.0,0.0019,0.0021,,,27.0,ETH-26DEC25-4300-C
26DEC25,2025-12-26,4300.0,P,75.68,0.380551,3119.18,1676.0,0.377,0.384,,,0.0,ETH-26DEC25-4300-P
26DEC25,2025-12-26,4400.0,C,76.5,0.001459,3119.18,11234.0,0.0014,0.0016,,,221.0,ETH-26DEC25-4400-C
26DEC25,2025-12-26,4400.0,P,76.5,0.412123,3119.18,6075.0,0.4085,0.415,,,0.0,ETH-26DEC25-4400-P
26DEC25,2025-12-26,4500.0,C,77.44,0.001109,3119.18,27555.0,0.001,0.0012,,,66.0,ETH-26DEC25-4500-C
26DEC25,2025-12-26,4500.0,P,77.44,0.443833,3119.18,4924.0,0.44,0.447,,,0.0,ETH-26DEC25-4500-P
26DEC25,2025-12-26,4600.0,C,78.74,0.000877,3119.18,10854.0,0.0008,0.001,,,248.0,ETH-26DEC25-4600-C
26DEC25,2025-12-26,4600.0,P,78.74,0.475662,3119.18,4184.0,0.472,0.4785,,,0.0,ETH-26DEC25-4600-P
26DEC25,2025-12-26,4700.0,C,79.9,0.000691,3119.18,7076.0,0.0006,0.0008,,,0.0,ETH-26DEC25-4700-C
26DEC25,2025-12-26,4700.0,P,79.9,0.507536,3119.18,384.0,0.504,0.5105,,,0.0,ETH-26DEC25-4700-P
26DEC25,2025-12-26,4800.0,C,80.99,0.000545,3119.18,11448.0,0.0004,0.0007,,,2500.0,ETH-26DEC25-4800-C
26DEC25,2025-12-26,4800.0,P,80.99,0.539451,3119.21,3653.0,0.5355,0.5425,,,0.0,ETH-26DEC25-4800-P
26DEC25,2025-12-26,4900.0,C,83.42,0.000498,3119.21,7111.0,0.0004,0.0006,,,4.0,ETH-26DEC25-4900-C
26DEC25,2025-12-26,4900.0,P,83.42,0.571464,3119.18,411.0,0.567,0.5745,,,0.0,ETH-26DEC25-4900-P
26DEC25,2025-12-26,5000.0,C,84.7,0.000409,3119.18,59282.0,0.0004,0.0005,,,5.0,ETH-26DEC25-5000-C
26DEC25,2025-12-26,5000.0,P,84.7,0.603436,3119.18,3264.0,0.599,0.6065,,,0.0,ETH-26DEC25-5000-P
26DEC25,2025-12-26,5100.0,C,85.48,0.000321,3119.21,5405.0,0.0002,0.0005,,,0.0,ETH-26DEC25-5100-C
26DEC25,2025-12-26,5100.0,P,85.48,0.635408,3119.18,68.0,,,,,0.0,ETH-26DEC25-5100-P
26DEC25,2025-12-26,5200.0,C,85.56,0.000234,3119.18,17497.0,0.0001,0.0004,,,2600.0,ETH-26DEC25-5200-C
26DEC25,2025-12-26,5200.0,P,85.56,0.667381,3119.21,417.0,0.663,0.6715,,,0.0,ETH-26DEC25-5200-P
26DEC25,2025-12-26,5300.0,C,87.57,0.000214,3119.21,7287.0,0.0001,0.0004,,,1990.0,ETH-26DEC25-5300-C
26DEC25,2025-12-26,5300.0,P,87.57,0.699422,3119.21,12.0,,,,,0.0,ETH-26DEC25-5300-P
26DEC25,2025-12-26,5400.0,C,88.84,0.000181,3119.21,13850.0,0.0001,0.0003,,,688.0,ETH-26DEC25-5400-C
26DEC25,2025-12-26,5400.0,P,88.84,0.73145,3119.21,675.0,0.727,0.7355,,,0.0,ETH-26DEC25-5400-P
26DEC25,2025-12-26,5500.0,C,91.43,0.000181,3119.21,15515.0,0.0001,0.0003,,,0.0,ETH-26DEC25-5500-C
26DEC25,2025-12-26,5500.0,P,91.43,0.76351,3119.18,1632.0,0.7585,0.7675,,,0.0,ETH-26DEC25-5500-P
26DEC25,2025-12-26,5600.0,C,93.98,0.000181,3119.18,6121.0,0.0001,0.0003,,,150.0,ETH-26DEC25-5600-C
26DEC25,2025-12-26,5600.0,P,93.98,0.79557,3119.18,184.0,0.7905,0.7995,,,0.0,ETH-26DEC25-5600-P
26DEC25,2025-12-26,5700.0,C,96.46,0.00018,3119.18,7932.0,0.0001,0.0003,,,0.0,ETH-26DEC25-5700-C
26DEC25,2025-12-26,5700.0,P,96.46,0.827631,3119.21,0.0,,,,,0.0,ETH-26DEC25-5700-P
26DEC25,2025-12-26,5800.0,C,97.24,0.00015,3119.18,3378.0,0.0001,0.0002,,,16.0,ETH-26DEC25-5800-C
26DEC25,2025-12-26,5800.0,P,97.24,0.859661,3119.18,100.0,0.8555,0.8635,,,0.0,ETH-26DEC25-5800-P
26DEC25,2025-12-26,5900.0,C,99.3,0.000145,3119.18,4750.0,0.0001,0.0002,,,0.0,ETH-26DEC25-5900-C
26DEC25,2025-12-26,5900.0,P,99.3,0.891716,3119.18,0.0,,,,,0.0,ETH-26DEC25-5900-P
26DEC25,2025-12-26,6000.0,C,99.3,0.000111,3119.18,77721.0,0.0001,0.0002,,,0.0,ETH-26DEC25-6000-C
26DEC25,2025-12-26,6000.0,P,99.3,0.923743,3119.18,852.0,0.9185,0.928,,,0.0,ETH-26DEC25-6000-P
26DEC25,2025-12-26,6200.0,C,103.81,0.000113,3119.21,4482.0,,0.0002,,,3.0,ETH-26DEC25-6200-C
26DEC25,2025-12-26,6200.0,P,103.81,0.987866,3119.21,36.0,,,,,0.0,ETH-26DEC25-6200-P
26DEC25,2025-12-26,6400.0,C,103.81,6.9e-05,3119.18,3230.0,,0.0001,,,0.0,ETH-26DEC25-6400-C
26DEC25,2025-12-26,6400.0,P,103.81,1.051943,3119.18,33.0,,,,,0.0,ETH-26DEC25-6400-P
26DEC25,2025-12-26,6500.0,C,105.05,6.3e-05,3119.18,32081.0,,0.0002,,,0.0,ETH-26DEC25-6500-C
26DEC25,2025-12-26,6500.0,P,105.05,1.083998,3119.18,144.0,1.0785,1.0885,,,0.0,ETH-26DEC25-6500-P
26DEC25,2025-12-26,7000.0,C,114.2,6.1e-05,3119.18,59430.0,,0.0001,,,1.0,ETH-26DEC25-7000-C
26DEC25,2025-12-26,7000.0,P,114.2,1.244298,3119.18,230.0,1.238,1.2485,,,0.0,ETH-26DEC25-7000-P
26DEC25,2025-12-26,7500.0,C,116.21,2.8e-05,3119.18,27956.0,,0.0001,,,0.0,ETH-26DEC25-7500-C
26DEC25,2025-12-26,7500.0,P,116.21,1.404568,3119.18,35.0,,,,,0.0,ETH-26DEC25-7500-P
26DEC25,2025-12-26,8000.0,C,117.3,1.2e-05,3119.18,16314.0,,0.0001,,,6.0,ETH-26DEC25-8000-C
26DEC25,2025-12-26,8000.0,P,117.3,1.564855,3119.21,799.0,1.558,1.57,,,0.0,ETH-26DEC25-8000-P
26DEC25,2025-12-26,9000.0,C,121.25,3e-06,3119.18,15894.0,,0.0001,,,0.0,ETH-26DEC25-9000-C
26DEC25,2025-12-26,9000.0,P,121.25,1.885451,3119.18,49.0,,,,,0.0,ETH-26DEC25-9000-P
26DEC25,2025-12-26,10000.0,C,128.34,2e-06,3119.18,12538.0,,0.0001,,,0.0,ETH-26DEC25-10000-C
26DEC25,2025-12-26,10000.0,P,128.34,2.206055,3119.18,4.0,,,,,0.0,ETH-26DEC25-10000-P
26DEC25,2025-12-26,11000.0,C,133.89,1e-06,3119.18,13854.0,,0.0001,,,0.0,ETH-26DEC25-11000-C
26DEC25,2025-12-26,11000.0,P,133.89,2.526659,3119.18,30.0,0.0001,,,,0.0,ETH-26DEC25-11000-P
30JAN26,2026-01-30,1600.0,C,101.13,0.493036,3129.06,37.0,0.4915,0.494,,,18.0,ETH-30JAN26-1600-C
30JAN26,2026-01-30,1600.0,P,101.13,0.004391,3129.06,1054.0,0.0042,0.0046,,,7.0,ETH-30JAN26-1600-P
30JAN26,2026-01-30,1800.0,C,94.78,0.431964,3129.06,36.0,0.4305,0.433,,,0.0,ETH-30JAN26-1800-C
30JAN26,2026-01-30,1800.0,P,94.78,0.007239,3129.06,2956.0,0.007,0.0075,,,6.0,ETH-30JAN26-1800-P
30JAN26,2026-01-30,2000.0,C,88.93,0.372287,3129.06,62.0,0.3715,0.3735,,,18.0,ETH-30JAN26-2000-C
30JAN26,2026-01-30,2000.0,P,88.93,0.011481,3129.06,6165.0,0.011,0.012,,,66.0,ETH-30JAN26-2000-P
30JAN26,2026-01-30,2200.0,C,83.45,0.314494,3129.06,455.0,0.313,0.316,,,407.0,ETH-30JAN26-2200-C
30JAN26,2026-01-30,2200.0,P,83.45,0.017607,3129.06,8859.0,0.017,0.018,,,426.0,ETH-30JAN26-2200-P
30JAN26,2026-01-30,2400.0,C,79.08,0.259937,3129.06,1924.0,0.2585,0.261,,,18.0,ETH-30JAN26-2400-C
30JAN26,2026-01-30,2400.0,P,79.08,0.02697,3129.06,6918.0,0.0265,0.0275,,,864.0,ETH-30JAN26-2400-P
30JAN26,2026-01-30,2500.0,C,77.39,0.234365,3129.06,155.0,0.2325,0.2355,,,0.0,ETH-30JAN26-2500-C
30JAN26,2026-01-30,2500.0,P,77.39,0.033358,3129.06,9115.0,0.033,0.0335,,,277.0,ETH-30JAN26-2500-P
30JAN26,2026-01-30,2600.0,C,75.49,0.20959,3129.06,413.0,0.208,0.211,,,110.0,ETH-30JAN26-2600-C
30JAN26,2026-01-30,2600.0,P,75.49,0.040542,3129.06,1553.0,0.04,0.041,,,25.0,ETH-30JAN26-2600-P
30JAN26,2026-01-30,2700.0,C,74.1,0.18652,3129.06,462.0,0.185,0.1875,,,0.0,ETH-30JAN26-2700-C
30JAN26,2026-01-30,2700.0,P,74.1,0.049432,3129.06,1100.0,0.049,0.05,,,414.0,ETH-30JAN26-2700-P
30JAN26,2026-01-30,2800.0,C,72.83,0.164881,3129.06,651.0,0.163,0.166,,,2.0,ETH-30JAN26-2800-C
30JAN26,2026-01-30,2800.0,P,72.83,0.059753,3129.06,4283.0,0.059,0.0605,,,325.0,ETH-30JAN26-2800-P
30JAN26,2026-01-30,2900.0,C,71.75,0.144867,3129.06,2166.0,0.143,0.1455,,,129.0,ETH-30JAN26-2900-C
30JAN26,2026-01-30,2900.0,P,71.75,0.071698,3129.06,5006.0,0.071,0.0725,,,185.0,ETH-30JAN26-2900-P
30JAN26,2026-01-30,3000.0,C,70.82,0.126518,3129.06,2163.0,0.126,0.127,,,2.0,ETH-30JAN26-3000-C
30JAN26,2026-01-30,3000.0,P,70.82,0.085309,3129.03,3892.0,0.0845,0.086,,,496.0,ETH-30JAN26-3000-P
30JAN26,2026-01-30,3100.0,C,70.09,0.109952,3129.06,2125.0,0.1095,0.1105,,,87.0,ETH-30JAN26-3100-C
30JAN26,2026-01-30,3100.0,P,70.09,0.100703,3129.06,2748.0,0.1,0.1015,,,1334.0,ETH-30JAN26-3100-P
30JAN26,2026-01-30,3200.0,C,69.52,0.095104,3129.06,1251.0,0.0945,0.0955,,,275.0,ETH-30JAN26-3200-C
30JAN26,2026-01-30,3200.0,P,69.52,0.117815,3129.06,2156.0,0.117,0.1185,,,0.0,ETH-30JAN26-3200-P
30JAN26,2026-01-30,3300.0,C,69.07,0.081918,3129.06,1514.0,0.081,0.0825,,,0.0,ETH-30JAN26-3300-C
30JAN26,2026-01-30,3300.0,P,69.07,0.136589,3129.06,2837.0,0.136,0.137,,,115.0,ETH-30JAN26-3300-P
30JAN26,2026-01-30,3400.0,C,68.7,0.070258,3129.06,2267.0,0.0695,0.071,,,2.0,ETH-30JAN26-3400-C
30JAN26,2026-01-30,3400.0,P,68.7,0.156888,3129.06,2357.0,0.156,0.1575,,,108.0,ETH-30JAN26-3400-P
30JAN26,2026-01-30,3500.0,C,68.7,0.06045,3129.03,962.0,0.0595,0.0605,,,4.0,ETH-30JAN26-3500-C
30JAN26,2026-01-30,3500.0,P,68.7,0.17904,3129.06,876.0,0.1775,0.18,,,69.0,ETH-30JAN26-3500-P
30JAN26,2026-01-30,3600.0,C,68.63,0.051733,3129.06,4646.0,0.051,0.0515,,,196.0,ETH-30JAN26-3600-C
30JAN26,2026-01-30,3600.0,P,68.63,0.202282,3129.06,544.0,0.2005,0.2035,,,0.0,ETH-30JAN26-3600-P
30JAN26,2026-01-30,3700.0,C,68.53,0.044085,3129.03,3304.0,0.043,0.044,,,83.0,ETH-30JAN26-3700-C
30JAN26,2026-01-30,3700.0,P,68.53,0.226594,3129.06,962.0,0.224,0.2305,,,18.0,ETH-30JAN26-3700-P
30JAN26,2026-01-30,3800.0,C,68.55,0.037576,3129.06,4878.0,0.037,0.0375,,,402.0,ETH-30JAN26-3800-C
30JAN26,2026-01-30,3800.0,P,68.55,0.252044,3129.06,262.0,0.2485,0.2565,,,1.0,ETH-30JAN26-3800-P
30JAN26,2026-01-30,3900.0,C,68.64,0.032028,3129.06,1481.0,0.0315,0.032,,,143.0,ETH-30JAN26-3900-C
30JAN26,2026-01-30,3900.0,P,68.64,0.278456,3129.06,487.0,0.275,0.2835,,,0.0,ETH-30JAN26-3900-P
30JAN26,2026-01-30,4000.0,C,68.7,0.027213,3129.06,8947.0,0.0265,0.0275,,,438.0,ETH-30JAN26-4000-C
30JAN26,2026-01-30,4000.0,P,68.7,0.305601,3129.06,933.0,0.3015,0.3105,,,16.0,ETH-30JAN26-4000-P
30JAN26,2026-01-30,4100.0,C,68.74,0.023049,3129.06,1937.0,0.0225,0.0235,,,43.0,ETH-30JAN26-4100-C
30JAN26,2026-01-30,4100.0,P,68.74,0.333396,3129.06,27.0,0.2975,0.3805,,,0.0,ETH-30JAN26-4100-P
30JAN26,2026-01-30,4200.0,C,69.02,0.019709,3129.06,1816.0,0.0195,0.02,,,153.0,ETH-30JAN26-4200-C
30JAN26,2026-01-30,4200.0,P,69.02,0.362016,3129.06,75.0,0.322,0.402,,,0.0,ETH-30JAN26-4200-P
30JAN26,2026-01-30,4300.0,C,69.47,0.016997,3129.06,1673.0,0.0165,0.017,,,204.0,ETH-30JAN26-4300-C
30JAN26,2026-01-30,4300.0,P,69.47,0.391264,3129.06,1079.0,0.3875,0.3975,,,0.0,ETH-30JAN26-4300-P
30JAN26,2026-01-30,4400.0,C,69.71,0.014518,3129.06,2262.0,0.014,0.015,,,1203.0,ETH-30JAN26-4400-C
30JAN26,2026-01-30,4400.0,P,69.71,0.420745,3129.06,20.0,0.3725,0.4855,,,0.0,ETH-30JAN26-4400-P
30JAN26,2026-01-30,4500.0,C,70.12,0.012512,3129.06,1257.0,0.012,0.013,,,104.0,ETH-30JAN26-4500-C
30JAN26,2026-01-30,4500.0,P,70.12,0.450698,3129.06,2.0,0.399,0.502,,,0.0,ETH-30JAN26-4500-P
30JAN26,2026-01-30,4600.0,C,70.84,0.011006,3129.06,1940.0,0.0105,0.0115,,,12.0,ETH-30JAN26-4600-C
30JAN26,2026-01-30,4600.0,P,70.84,0.481152,3129.06,0.0,0.426,0.5645,,,0.0,ETH-30JAN26-4600-P
30JAN26,2026-01-30,4800.0,C,71.22,0.008019,3129.06,6231.0,0.0075,0.0085,,,502.0,ETH-30JAN26-4800-C
30JAN26,2026-01-30,4800.0,P,71.22,0.542085,3129.06,10.0,0.4795,0.604,,,1.0,ETH-30JAN26-4800-P
30JAN26,2026-01-30,5000.0,C,72.64,0.006304,3129.03,2023.0,0.006,0.0065,,,3.0,ETH-30JAN26-5000-C
30JAN26,2026-01-30,5000.0,P,72.64,0.60429,3129.06,0.0,0.535,0.6725,,,0.0,ETH-30JAN26-5000-P
30JAN26,2026-01-30,5500.0,C,75.17,0.003374,3129.06,1701.0,0.0032,0.0036,,,521.0,ETH-30JAN26-5500-C
30JAN26,2026-01-30,5500.0,P,75.17,0.761157,3129.03,0.0,,0.853,,,0.0,ETH-30JAN26-5500-P
30JAN26,2026-01-30,6000.0,C,77.8,0.001945,3129.06,2994.0,0.0017,0.0022,,,76.0,ETH-30JAN26-6000-C
30JAN26,2026-01-30,6000.0,P,77.8,0.919527,3129.06,0.0,,1.0175,,,0.0,ETH-30JAN26-6000-P
30JAN26,2026-01-30,6500.0,C,80.37,0.00119,3129.03,2984.0,0.001,0.0014,,,0.0,ETH-30JAN26-6500-C
30JAN26,2026-01-30,6500.0,P,80.37,1.078571,3129.06,0.0,,1.182,,,0.0,ETH-30JAN26-6500-P
30JAN26,2026-01-30,7000.0,C,82.27,0.00072,3129.06,2856.0,0.0005,0.001,,,5.0,ETH-30JAN26-7000-C
30JAN26,2026-01-30,7000.0,P,82.27,1.237899,3129.06,0.0,,,,,0.0,ETH-30JAN26-7000-P
30JAN26,2026-01-30,7500.0,C,85.52,0.000535,3129.06,1407.0,0.0005,0.0008,,,0.0,ETH-30JAN26-7500-C
30JAN26,2026-01-30,7500.0,P,85.52,1.397513,3129.06,0.0,,,,,0.0,ETH-30JAN26-7500-P
30JAN26,2026-01-30,8000.0,C,87.44,0.00036,3129.06,1583.0,0.0002,0.0006,,,5260.0,ETH-30JAN26-8000-C
30JAN26,2026-01-30,8000.0,P,87.44,1.557136,3129.06,0.0,,,,,0.0,ETH-30JAN26-8000-P
27FEB26,2026-02-27,1500.0,C,95.82,0.528436,3137.965,0.0,0.527,0.5295,,,0.0,ETH-27FEB26-1500-C
27FEB26,2026-02-27,1500.0,P,95.82,0.006452,3137.965,859.0,0.006,0.007,,,3.0,ETH-27FEB26-1500-P
27FEB26,2026-02-27,2000.0,C,83.18,0.381656,3137.965,21.0,0.38,0.383,,,0.0,ETH-27FEB26-2000-C
27FEB26,2026-02-27,2000.0,P,83.18,0.019011,3137.965,2201.0,0.0185,0.0195,,,94.0,ETH-27FEB26-2000-P
27FEB26,2026-02-27,2400.0,C,76.19,0.275893,3137.965,10.0,0.2745,0.277,,,0.0,ETH-27FEB26-2400-C
27FEB26,2026-02-27,2400.0,P,76.19,0.040719,3137.965,838.0,0.04,0.0415,,,0.0,ETH-27FEB26-2400-P
27FEB26,2026-02-27,2500.0,C,74.87,0.251954,3137.965,0.0,0.2505,0.2535,,,0.0,ETH-27FEB26-2500-C
27FEB26,2026-02-27,2500.0,P,74.87,0.048648,3137.965,720.0,0.048,0.049,,,214.0,ETH-27FEB26-2500-P
27FEB26,2026-02-27,2600.0,C,73.75,0.22927,3137.965,11.0,0.2275,0.2305,,,0.0,ETH-27FEB26-2600-C
27FEB26,2026-02-27,2600.0,P,73.75,0.057832,3137.965,69.0,0.057,0.0585,,,0.0,ETH-27FEB26-2600-P
27FEB26,2026-02-27,2700.0,C,72.76,0.207854,3137.965,0.0,0.207,0.209,,,0.0,ETH-27FEB26-2700-C
27FEB26,2026-02-27,2700.0,P,72.76,0.068284,3137.965,10.0,0.0675,0.069,,,0.0,ETH-27FEB26-2700-P
27FEB26,2026-02-27,2800.0,C,71.91,0.1878,3137.965,233.0,0.187,0.1885,,,0.0,ETH-27FEB26-2800-C
27FEB26,2026-02-27,2800.0,P,71.91,0.080098,3137.965,324.0,0.0795,0.081,,,0.0,ETH-27FEB26-2800-P
27FEB26,2026-02-27,2900.0,C,71.2,0.169161,3137.965,4.0,0.168,0.17,,,0.0,ETH-27FEB26-2900-C
27FEB26,2026-02-27,2900.0,P,71.2,0.093327,3137.965,351.0,0.0925,0.094,,,0.0,ETH-27FEB26-2900-P
27FEB26,2026-02-27,3000.0,C,70.59,0.151924,3137.965,347.0,0.151,0.1525,,,0.0,ETH-27FEB26-3000-C
27FEB26,2026-02-27,3000.0,P,70.59,0.107957,3137.965,2076.0,0.107,0.1085,,,690.0,ETH-27FEB26-3000-P
27FEB26,2026-02-27,3100.0,C,70.13,0.13616,3137.965,1047.0,0.1355,0.137,,,2.0,ETH-27FEB26-3100-C
27FEB26,2026-02-27,3100.0,P,70.13,0.124062,3137.965,2473.0,0.123,0.125,,,0.0,ETH-27FEB26-3100-P
27FEB26,2026-02-27,3200.0,C,69.75,0.121739,3137.965,824.0,0.121,0.1225,,,52.0,ETH-27FEB26-3200-C
27FEB26,2026-02-27,3200.0,P,69.75,0.141508,3137.965,40.0,0.1405,0.1425,,,0.0,ETH-27FEB26-3200-P
27FEB26,2026-02-27,3300.0,C,69.43,0.108597,3137.965,334.0,0.108,0.1095,,,0.0,ETH-27FEB26-3300-C
27FEB26,2026-02-27,3300.0,P,69.43,0.160234,3137.965,19.0,0.1595,0.1615,,,18.0,ETH-27FEB26-3300-P
27FEB26,2026-02-27,3400.0,C,69.19,0.09675,3137.965,394.0,0.096,0.0975,,,5.0,ETH-27FEB26-3400-C
27FEB26,2026-02-27,3400.0,P,69.19,0.180254,3137.965,200.0,0.1795,0.1815,,,0.0,ETH-27FEB26-3400-P
27FEB26,2026-02-27,3500.0,C,68.99,0.086022,3137.965,1019.0,0.0855,0.087,,,1.0,ETH-27FEB26-3500-C
27FEB26,2026-02-27,3500.0,P,68.99,0.201394,3137.965,6.0,0.2005,0.203,,,0.0,ETH-27FEB26-3500-P
27FEB26,2026-02-27,3600.0,C,68.99,0.076664,3137.965,1016.0,0.076,0.077,,,500.0,ETH-27FEB26-3600-C
27FEB26,2026-02-27,3600.0,P,68.99,0.223904,3137.965,0.0,0.2225,0.225,,,0.0,ETH-27FEB26-3600-P
27FEB26,2026-02-27,3700.0,C,68.99,0.068221,3137.965,213.0,0.0675,0.0685,,,5.0,ETH-27FEB26-3700-C
27FEB26,2026-02-27,3700.0,P,68.99,0.247329,3137.965,5.0,0.246,0.2485,,,5.0,ETH-27FEB26-3700-P
27FEB26,2026-02-27,3800.0,C,68.99,0.060625,3137.965,1501.0,0.0595,0.061,,,0.0,ETH-27FEB26-3800-C
27FEB26,2026-02-27,3800.0,P,68.99,0.271601,3137.965,0.0,0.2685,0.2735,,,0.0,ETH-27FEB26-3800-P
27FEB26,2026-02-27,4000.0,C,69.0,0.047714,3137.965,2388.0,0.047,0.048,,,313.0,ETH-27FEB26-4000-C
27FEB26,2026-02-27,4000.0,P,69.0,0.322426,3137.965,0.0,0.2975,0.346,,,0.0,ETH-27FEB26-4000-P
27FEB26,2026-02-27,4500.0,C,69.78,0.026698,3137.965,2298.0,0.026,0.027,,,11.0,ETH-27FEB26-4500-C
27FEB26,2026-02-27,4500.0,P,69.78,0.460748,3137.965,0.0,0.4225,0.5475,,,0.0,ETH-27FEB26-4500-P
27FEB26,2026-02-27,5000.0,C,71.05,0.015427,3137.965,660.0,0.015,0.016,,,26.0,ETH-27FEB26-5000-C
27FEB26,2026-02-27,5000.0,P,71.05,0.608816,3137.965,0.0,0.5585,0.658,,,0.0,ETH-27FEB26-5000-P
27FEB26,2026-02-27,5500.0,C,72.74,0.009395,3137.965,2206.0,0.009,0.01,,,13.0,ETH-27FEB26-5500-C
27FEB26,2026-02-27,5500.0,P,72.74,0.762123,3137.965,0.0,0.702,0.822,,,0.0,ETH-27FEB26-5500-P
27FEB26,2026-02-27,6000.0,C,74.59,0.006014,3137.965,2.0,0.0055,0.0065,,,2.0,ETH-27FEB26-6000-C
27FEB26,2026-02-27,6000.0,P,74.59,0.918081,3137.965,0.0,0.847,1.0225,,,0.0,ETH-27FEB26-6000-P
27FEB26,2026-02-27,7000.0,C,77.96,0.002702,3137.965,5126.0,0.0025,0.0029,,,9516.0,ETH-27FEB26-7000-C
27FEB26,2026-02-27,7000.0,P,77.96,1.233447,3137.965,0.0,1.1355,1.3485,,,0.0,ETH-27FEB26-7000-P
